Date,Basket_Amount,Upgrade_Fee,Promotion_Type,Promotion_Eligible,Net_Upgrade_Cost,Age_Group,Shopper_Type,Group_Size,Sales_Outcome,Refusal_Reason,Upgrade_Opportunity
1/1/2026,256.3,39.64,Spend20_Save10,Yes,29.64,30-44,Business,1,Accepted,N/A,High
1/1/2026,44.2,27.1,Spend20_Save10,Yes,17.1,45-59,Individual,1,Accepted,N/A,Medium
1/1/2026,90.49,8.11,Spend20_Save10,Yes,-1.89,30-44,Couple,2,Declined,Not Account Owner,High
1/1/2026,35.87,29.27,Spend20_Save10,Yes,19.27,30-44,Family,4+,Accepted,N/A,Medium
1/1/2026,212.76,21.53,Spend20_Save10,Yes,11.53,60+,Business,1,Declined,Price Concern,High
1/1/2026,10.25,15.87,Spend20_Save10,No,15.87,45-59,Individual,1,Not_Presented,N/A,Medium
1/1/2026,137.71,26.12,Spend20_Save10,Yes,16.12,45-59,Family,3,Accepted,N/A,High
1/2/2026,184.99,18.57,Spend20_Save10,Yes,8.57,45-59,Couple,2,Accepted,N/A,High
1/2/2026,26.68,14.14,Spend20_Save10,Yes,4.14,45-59,Individual,1,Declined,Infrequent Shopper,Medium
1/2/2026,38.09,33.1,Spend20_Save10,Yes,23.1,30-44,Couple,2,Declined,Other,Medium
1/2/2026,79.57,41.57,Spend20_Save10,Yes,31.57,45-59,Individual,1,Declined,Language Barrier,Medium
1/2/2026,34.53,34.86,Spend20_Save10,Yes,24.86,45-59,Individual,1,Declined,Lack of Premium Knowledge,Medium
1/2/2026,56.27,22.46,Spend20_Save10,Yes,12.46,60+,Individual,1,Accepted,N/A,Medium
1/2/2026,199.48,10.97,Spend20_Save10,Yes,0.97,60+,Family,3,Declined,Lack of Premium Knowledge,High
1/3/2026,64.96,16.84,Spend20_Save10,Yes,6.84,45-59,Couple,2,Accepted,N/A,High
1/3/2026,62.35,38.06,Spend20_Save10,Yes,28.06,30-44,Family,3,Declined,Doesn't Want Renewal Fee,Medium
1/3/2026,35.55,27.12,Spend20_Save10,Yes,17.12,45-59,Individual,1,Declined,Language Barrier,Medium
1/3/2026,97.77,18.28,Spend20_Save10,Yes,8.28,60+,Family,4+,Declined,Infrequent Shopper,High
1/3/2026,169.02,24.75,Spend20_Save10,Yes,14.75,45-59,Couple,2,Declined,Not Account Owner,High
1/3/2026,42.65,22.47,Spend20_Save10,Yes,12.47,18-29,Family,3,Declined,Other,Medium
1/3/2026,94.11,27.44,Spend20_Save10,Yes,17.44,30-44,Family,3,Accepted,N/A,Medium
1/3/2026,256.46,52.55,Spend20_Save10,Yes,42.55,60+,Business,2,Declined,Not Account Owner,Medium
1/3/2026,41.82,53.44,Spend20_Save10,Yes,43.44,30-44,Couple,2,Declined,Not Account Owner,Low
1/3/2026,67.56,28.74,Spend20_Save10,Yes,18.74,60+,Couple,2,Accepted,N/A,Medium
1/4/2026,163.05,15.02,Spend20_Save10,Yes,5.02,30-44,Family,3,Accepted,N/A,High
1/4/2026,187.34,34.81,Spend20_Save10,Yes,24.81,18-29,Couple,2,Declined,Doesn't Want Renewal Fee,High
1/4/2026,27.92,23.35,Spend20_Save10,Yes,13.35,30-44,Individual,1,Declined,Not Account Owner,Medium
1/4/2026,148.88,11.34,Spend20_Save10,Yes,1.34,30-44,Family,3,Accepted,N/A,High
1/4/2026,51.09,46.01,Spend20_Save10,Yes,36.01,30-44,Couple,2,Accepted,N/A,Medium
1/4/2026,31.11,34.27,Spend20_Save10,Yes,24.27,30-44,Individual,1,Declined,Doesn't Want Renewal Fee,Medium
1/4/2026,81.59,30.54,Spend20_Save10,Yes,20.54,45-59,Family,4+,Accepted,N/A,Medium
1/4/2026,64.97,27.72,Spend20_Save10,Yes,17.72,30-44,Family,4+,Accepted,N/A,Medium
1/4/2026,281.18,9.77,Spend20_Save10,Yes,-0.23,60+,Business,1,Declined,Not Account Owner,High
1/4/2026,24.62,13.98,Spend20_Save10,Yes,3.98,18-29,Individual,1,Declined,Not Account Owner,Medium
1/5/2026,13.93,8.94,Spend20_Save10,No,8.94,18-29,Individual,1,Not_Presented,N/A,Medium
1/5/2026,21.12,34.67,Spend20_Save10,Yes,24.67,45-59,Individual,1,Accepted,N/A,Medium
1/5/2026,11.53,23.38,Spend20_Save10,No,23.38,60+,Individual,1,Not_Presented,N/A,Low
1/5/2026,45.77,43.97,Spend20_Save10,Yes,33.97,30-44,Individual,1,Accepted,N/A,Low
1/5/2026,31.98,9.62,Spend20_Save10,Yes,-0.38,30-44,Individual,1,Declined,Infrequent Shopper,Medium
1/5/2026,213.91,6.45,Spend20_Save10,Yes,-3.55,18-29,Business,1,Accepted,N/A,High
1/5/2026,45.34,13.67,Spend20_Save10,Yes,3.67,30-44,Couple,2,Declined,Lack of Premium Knowledge,Medium
1/5/2026,78.76,18.63,Spend20_Save10,Yes,8.63,45-59,Family,4+,Declined,Infrequent Shopper,High
1/5/2026,22.37,13.9,Spend20_Save10,Yes,3.9,30-44,Individual,1,Declined,Not Account Owner,Medium
1/6/2026,49.41,30.2,Spend20_Save10,Yes,20.2,30-44,Couple,2,Declined,Not Account Owner,Medium
1/6/2026,60.44,55.87,Spend20_Save10,Yes,45.87,30-44,Couple,2,Declined,Other,Medium
1/6/2026,79.77,18.76,Spend20_Save10,Yes,8.76,45-59,Family,4+,Declined,Price Concern,High
1/6/2026,321.89,47.34,Spend20_Save10,Yes,37.34,45-59,Business,2,Declined,Price Concern,Medium
1/6/2026,66.2,9.51,Spend20_Save10,Yes,-0.49,30-44,Family,3,Accepted,N/A,High
1/6/2026,166.52,43.22,Spend20_Save10,Yes,33.22,60+,Family,3,Accepted,N/A,Medium
1/6/2026,202,15.24,Spend20_Save10,Yes,5.24,30-44,Business,1,Accepted,N/A,High
1/7/2026,285,29.67,Spend20_Save10,Yes,19.67,30-44,Business,1,Accepted,N/A,High
1/7/2026,21.04,34.48,Spend20_Save10,Yes,24.48,30-44,Individual,1,Declined,Not Account Owner,Medium
1/7/2026,74.11,42.09,Spend20_Save10,Yes,32.09,18-29,Family,3,Accepted,N/A,Medium
1/7/2026,172.54,20.87,Spend20_Save10,Yes,10.87,45-59,Family,3,Declined,Infrequent Shopper,High
1/7/2026,82.45,12.08,Spend20_Save10,Yes,2.08,18-29,Individual,1,Accepted,N/A,High
1/7/2026,42.2,3.33,Spend20_Save10,Yes,-6.67,30-44,Couple,2,Declined,Other,Medium
1/7/2026,283.39,12.28,Spend20_Save10,Yes,2.28,30-44,Business,3,Accepted,N/A,High
1/7/2026,181.25,33.99,Spend20_Save10,Yes,23.99,30-44,Business,1,Accepted,N/A,High
1/8/2026,22.23,6.89,No_Promotion,N/A,6.89,30-44,Individual,1,Accepted,N/A,Medium
1/8/2026,30.63,13.55,No_Promotion,N/A,13.55,30-44,Couple,2,Declined,Doesn't Want Renewal Fee,Medium
1/8/2026,12.99,9.25,No_Promotion,N/A,9.25,30-44,Individual,1,Accepted,N/A,Medium
1/9/2026,58.21,50.38,No_Promotion,N/A,50.38,45-59,Individual,1,Declined,Basket Below Promotion Threshold,Low
1/9/2026,92.5,19.62,No_Promotion,N/A,19.62,18-29,Individual,1,Accepted,N/A,Medium
1/9/2026,195.21,15.63,No_Promotion,N/A,15.63,30-44,Family,3,Accepted,N/A,High
1/9/2026,57.76,6.95,No_Promotion,N/A,6.95,45-59,Couple,2,Declined,Infrequent Shopper,Medium
1/9/2026,82.63,29.86,No_Promotion,N/A,29.86,18-29,Family,4+,Declined,Not Account Owner,Medium
1/10/2026,158.41,47.01,Spend40_Save20,Yes,27.01,45-59,Family,3,Accepted,N/A,Medium
1/10/2026,246.21,14.87,Spend40_Save20,Yes,-5.13,30-44,Family,4+,Accepted,N/A,High
1/10/2026,162.64,3.68,Spend40_Save20,Yes,-16.32,60+,Family,4+,Accepted,N/A,High
1/10/2026,49.77,50.35,Spend40_Save20,Yes,30.35,30-44,Individual,1,Declined,Not Account Owner,Low
1/10/2026,46.1,24.77,Spend40_Save20,Yes,4.77,18-29,Individual,1,Declined,Not Account Owner,Medium
1/10/2026,96.76,48.19,Spend40_Save20,Yes,28.19,45-59,Individual,1,Declined,Other,Medium
1/10/2026,25.26,10.55,Spend40_Save20,No,10.55,45-59,Individual,1,Not_Presented,N/A,Medium
1/10/2026,42.3,11.05,Spend40_Save20,Yes,-8.95,18-29,Individual,1,Declined,Infrequent Shopper,Medium
1/10/2026,94,17.22,Spend40_Save20,Yes,-2.78,30-44,Couple,2,Accepted,N/A,High
1/10/2026,105.38,30.54,Spend40_Save20,Yes,10.54,45-59,Family,3,Declined,Other,High
1/10/2026,160.03,2.76,Spend40_Save20,Yes,-17.24,30-44,Family,4+,Accepted,N/A,High
1/10/2026,43.4,6.82,Spend40_Save20,Yes,-13.18,30-44,Individual,1,Declined,Infrequent Shopper,Medium
1/11/2026,41.42,22.33,Spend40_Save20,Yes,2.33,18-29,Individual,1,Declined,Doesn't Want Renewal Fee,Medium
1/11/2026,68.96,29.51,Spend40_Save20,Yes,9.51,30-44,Couple,2,Accepted,N/A,Medium
1/11/2026,107.73,33.63,Spend40_Save20,Yes,13.63,45-59,Family,3,Accepted,N/A,High
1/11/2026,42.2,44.58,Spend40_Save20,Yes,24.58,30-44,Couple,2,Declined,Infrequent Shopper,Low
1/11/2026,32.06,10.37,Spend40_Save20,No,10.37,30-44,Couple,2,Not_Presented,N/A,Medium
1/11/2026,54.89,49.8,Spend40_Save20,Yes,29.8,30-44,Couple,2,Declined,Other,Medium
1/11/2026,57.63,25.78,Spend40_Save20,Yes,5.78,30-44,Couple,2,Declined,Infrequent Shopper,Medium
1/11/2026,142.04,13.5,Spend40_Save20,Yes,-6.5,45-59,Family,3,Accepted,N/A,High
1/11/2026,40.46,14.36,Spend40_Save20,Yes,-5.64,30-44,Individual,1,Accepted,N/A,Medium
1/11/2026,54.77,6.94,Spend40_Save20,Yes,-13.06,45-59,Couple,2,Accepted,N/A,High
1/11/2026,47.93,47.61,Spend40_Save20,Yes,27.61,18-29,Couple,2,Declined,Not Account Owner,Low
1/11/2026,54.05,21.1,Spend40_Save20,Yes,1.1,30-44,Individual,1,Declined,Lack of Premium Knowledge,Medium
1/11/2026,142.6,30.04,Spend40_Save20,Yes,10.04,18-29,Couple,2,Accepted,N/A,High
1/12/2026,71.43,27.27,Spend40_Save20,Yes,7.27,30-44,Individual,1,Declined,Not Account Owner,Medium
1/12/2026,113.19,31.79,Spend40_Save20,Yes,11.79,45-59,Family,3,Accepted,N/A,High
1/12/2026,57.14,28.72,Spend40_Save20,Yes,8.72,18-29,Individual,1,Accepted,N/A,Medium
1/12/2026,97.39,53.19,Spend40_Save20,Yes,33.19,18-29,Business,2,Accepted,N/A,Medium
1/12/2026,143.59,11.82,Spend40_Save20,Yes,-8.18,45-59,Family,3,Accepted,N/A,High
1/12/2026,48.43,24.62,Spend40_Save20,Yes,4.62,30-44,Couple,2,Declined,Other,Medium
1/12/2026,47.89,2.97,Spend40_Save20,Yes,-17.03,45-59,Individual,1,Declined,Not Account Owner,Medium
1/12/2026,40.93,33.62,Spend40_Save20,Yes,13.62,45-59,Couple,2,Accepted,N/A,Medium
1/12/2026,97.66,5.22,Spend40_Save20,Yes,-14.78,30-44,Couple,2,Declined,Infrequent Shopper,High
1/12/2026,98.74,8.5,Spend40_Save20,Yes,-11.5,45-59,Couple,2,Declined,Infrequent Shopper,High
1/12/2026,92.19,10.08,Spend40_Save20,Yes,-9.92,18-29,Individual,1,Declined,Lack of Premium Knowledge,High
1/12/2026,39.91,30.62,Spend40_Save20,No,30.62,45-59,Couple,2,Not_Presented,N/A,Low
1/12/2026,42.98,2.49,Spend40_Save20,Yes,-17.51,45-59,Individual,1,Accepted,N/A,Medium
1/13/2026,151.39,34.78,Spend40_Save20,Yes,14.78,30-44,Couple,2,Accepted,N/A,High
1/13/2026,115.45,34.36,Spend40_Save20,Yes,14.36,30-44,Family,4+,Accepted,N/A,High
1/13/2026,29.47,26.99,Spend40_Save20,No,26.99,45-59,Individual,1,Not_Presented,N/A,Low
1/13/2026,57.96,59.56,Spend40_Save20,Yes,39.56,30-44,Individual,1,Declined,Infrequent Shopper,Medium
1/13/2026,139.12,29.28,Spend40_Save20,Yes,9.28,45-59,Family,3,Accepted,N/A,High
1/13/2026,162.01,2.75,Spend40_Save20,Yes,-17.25,18-29,Business,1,Accepted,N/A,High
1/13/2026,82.86,10.55,Spend40_Save20,Yes,-9.45,45-59,Couple,2,Declined,Other,High
1/13/2026,79.56,30.21,Spend40_Save20,Yes,10.21,30-44,Couple,2,Declined,Price Concern,Medium
1/13/2026,40.06,39,Spend40_Save20,Yes,19,45-59,Individual,1,Declined,Doesn't Want Renewal Fee,Medium
1/13/2026,47.19,41.82,Spend40_Save20,Yes,21.82,60+,Couple,2,Declined,Lack of Premium Knowledge,Low
1/14/2026,40.44,27.3,Spend40_Save20,Yes,7.3,60+,Couple,2,Accepted,N/A,Medium
1/14/2026,92.32,16.34,Spend40_Save20,Yes,-3.66,60+,Couple,2,Accepted,N/A,High
1/14/2026,305.34,49.31,Spend40_Save20,Yes,29.31,30-44,Business,1,Declined,Doesn't Want Renewal Fee,Medium
1/14/2026,41.45,34.57,Spend40_Save20,Yes,14.57,30-44,Couple,2,Accepted,N/A,Medium
1/14/2026,48.96,7.51,Spend40_Save20,Yes,-12.49,45-59,Couple,2,Accepted,N/A,Medium
1/14/2026,48.65,3.5,Spend40_Save20,Yes,-16.5,18-29,Couple,2,Declined,Other,Medium
1/14/2026,48.22,53.93,Spend40_Save20,Yes,33.93,18-29,Family,3,Declined,Price Concern,Low
1/14/2026,96.54,7.38,Spend40_Save20,Yes,-12.62,30-44,Couple,2,Declined,Other,High
1/14/2026,43.88,18.25,Spend40_Save20,Yes,-1.75,18-29,Individual,1,Declined,Infrequent Shopper,Medium
1/15/2026,38.41,19.05,Spend40_Save20,No,19.05,30-44,Family,4+,Not_Presented,N/A,Medium
1/15/2026,128.85,4.83,Spend40_Save20,Yes,-15.17,45-59,Family,3,Declined,Not Account Owner,High
1/15/2026,167.79,27.26,Spend40_Save20,Yes,7.26,60+,Family,3,Declined,Infrequent Shopper,High
1/15/2026,41.83,4.98,Spend40_Save20,Yes,-15.02,60+,Family,4+,Declined,Not Account Owner,Medium
1/15/2026,46.69,14.35,Spend40_Save20,Yes,-5.65,30-44,Couple,2,Accepted,N/A,Medium
1/15/2026,346.88,27.38,Spend40_Save20,Yes,7.38,45-59,Business,1,Accepted,N/A,High
1/15/2026,52.91,18.04,Spend40_Save20,Yes,-1.96,45-59,Family,3,Accepted,N/A,High
1/15/2026,80.49,34.77,Spend40_Save20,Yes,14.77,30-44,Couple,2,Declined,Other,Medium
1/15/2026,116.88,33.82,Spend40_Save20,Yes,13.82,45-59,Family,3,Accepted,N/A,High
1/15/2026,45.18,26.9,Spend40_Save20,Yes,6.9,30-44,Individual,1,Accepted,N/A,Medium
1/15/2026,72.67,8.15,Spend40_Save20,Yes,-11.85,30-44,Individual,1,Declined,Infrequent Shopper,High
1/15/2026,190.34,18.19,Spend40_Save20,Yes,-1.81,30-44,Business,1,Declined,Other,High
1/15/2026,49.19,18.59,Spend40_Save20,Yes,-1.41,30-44,Individual,1,Accepted,N/A,Medium
1/16/2026,87.26,3.77,Spend40_Save20,Yes,-16.23,18-29,Couple,2,Accepted,N/A,High
1/16/2026,123.41,27.05,Spend40_Save20,Yes,7.05,60+,Family,3,Accepted,N/A,High
1/16/2026,49.76,2.18,Spend40_Save20,Yes,-17.82,45-59,Individual,1,Accepted,N/A,Medium
1/16/2026,44.88,27.05,Spend40_Save20,Yes,7.05,30-44,Individual,1,Declined,Infrequent Shopper,Medium
1/16/2026,196.33,14.98,Spend40_Save20,Yes,-5.02,18-29,Family,3,Declined,Language Barrier,High
1/16/2026,53.51,40.73,Spend40_Save20,Yes,20.73,45-59,Individual,1,Declined,Infrequent Shopper,Medium
1/16/2026,190.02,34.1,Spend40_Save20,Yes,14.1,45-59,Business,1,Accepted,N/A,High
1/16/2026,52.55,17.11,Spend40_Save20,Yes,-2.89,45-59,Couple,2,Declined,Lack of Premium Knowledge,High
1/16/2026,23.89,13.49,Spend40_Save20,No,13.49,45-59,Individual,1,Not_Presented,N/A,Medium
1/16/2026,44.81,5.41,Spend40_Save20,Yes,-14.59,30-44,Family,3,Declined,Infrequent Shopper,Medium
1/16/2026,64.88,38.95,Spend40_Save20,Yes,18.95,30-44,Couple,2,Accepted,N/A,Medium
1/16/2026,44.31,18.83,Spend40_Save20,Yes,-1.17,45-59,Couple,2,Declined,Infrequent Shopper,Medium
1/16/2026,29.31,45.39,Spend40_Save20,No,45.39,60+,Individual,1,Not_Presented,N/A,Low
1/16/2026,160.28,15.44,Spend40_Save20,Yes,-4.56,45-59,Family,3,Accepted,N/A,High
1/16/2026,53.72,35.69,Spend40_Save20,Yes,15.69,60+,Individual,1,Declined,Infrequent Shopper,Medium
1/17/2026,41,26.68,Spend40_Save20,Yes,6.68,18-29,Individual,1,Declined,Price Concern,Medium
1/17/2026,25.21,13.15,Spend40_Save20,No,13.15,30-44,Couple,2,Not_Presented,N/A,Medium
1/17/2026,48.87,42.83,Spend40_Save20,Yes,22.83,18-29,Couple,2,Declined,Other,Low
1/17/2026,46.5,35.13,Spend40_Save20,Yes,15.13,45-59,Couple,2,Declined,Infrequent Shopper,Medium
1/17/2026,45.63,6.26,Spend40_Save20,Yes,-13.74,30-44,Individual,1,Accepted,N/A,Medium
1/17/2026,174.57,8.62,Spend40_Save20,Yes,-11.38,30-44,Couple,2,Accepted,N/A,High
1/17/2026,43.65,26.95,Spend40_Save20,Yes,6.95,18-29,Couple,2,Accepted,N/A,Medium
1/17/2026,41.24,54.73,Spend40_Save20,Yes,34.73,30-44,Family,3,Declined,Price Concern,Low
1/17/2026,138.53,42.16,Spend40_Save20,Yes,22.16,60+,Family,4+,Accepted,N/A,Medium
1/17/2026,49.69,2.17,Spend40_Save20,Yes,-17.83,60+,Individual,1,Accepted,N/A,Medium
1/17/2026,46.79,30.18,Spend40_Save20,Yes,10.18,60+,Individual,1,Accepted,N/A,Medium
1/17/2026,48.01,16.54,Spend40_Save20,Yes,-3.46,45-59,Family,4+,Accepted,N/A,Medium
1/17/2026,67.9,35.65,Spend40_Save20,Yes,15.65,30-44,Family,3,Declined,Price Concern,Medium
1/17/2026,193.13,36.07,Spend40_Save20,Yes,16.07,60+,Couple,2,Declined,Lack of Premium Knowledge,High
1/18/2026,89.77,39.99,Spend40_Save20,Yes,19.99,18-29,Family,4+,Accepted,N/A,Medium
1/18/2026,30.04,22.02,Spend40_Save20,No,22.02,18-29,Couple,2,Not_Presented,N/A,Low
1/18/2026,11.32,13.02,Spend40_Save20,No,13.02,45-59,Couple,2,Not_Presented,N/A,Medium
1/18/2026,57.94,17.33,Spend40_Save20,Yes,-2.67,45-59,Individual,1,Declined,Infrequent Shopper,High
1/18/2026,41.2,47.49,Spend40_Save20,Yes,27.49,30-44,Family,4+,Declined,Price Concern,Low
1/18/2026,77.38,29.35,Spend40_Save20,Yes,9.35,30-44,Business,3,Accepted,N/A,Medium
1/18/2026,166.71,26.57,Spend40_Save20,Yes,6.57,45-59,Business,2,Accepted,N/A,High
1/18/2026,31.51,12.81,Spend40_Save20,No,12.81,30-44,Individual,1,Not_Presented,N/A,Medium
1/18/2026,47.18,34.58,Spend40_Save20,Yes,14.58,18-29,Family,3,Declined,Doesn't Want Renewal Fee,Medium
1/18/2026,110.87,11.07,Spend40_Save20,Yes,-8.93,45-59,Couple,2,Accepted,N/A,High
1/19/2026,48.15,30.18,Spend40_Save20,Yes,10.18,45-59,Couple,2,Declined,Price Concern,Medium
1/19/2026,42.84,30.67,Spend40_Save20,Yes,10.67,45-59,Couple,2,Declined,Infrequent Shopper,Medium
1/19/2026,64.08,16.44,Spend40_Save20,Yes,-3.56,18-29,Family,4+,Accepted,N/A,High
1/19/2026,152.01,27.68,Spend40_Save20,Yes,7.68,30-44,Business,1,Accepted,N/A,High
1/19/2026,125.64,23.66,Spend40_Save20,Yes,3.66,18-29,Family,3,Accepted,N/A,High
1/19/2026,43.32,22.9,Spend40_Save20,Yes,2.9,30-44,Individual,1,Declined,Lack of Premium Knowledge,Medium
1/19/2026,87.49,17.58,Spend40_Save20,Yes,-2.42,45-59,Individual,1,Accepted,N/A,High
1/19/2026,61.31,33.48,Spend40_Save20,Yes,13.48,30-44,Couple,2,Accepted,N/A,Medium
1/19/2026,99.13,9.36,Spend40_Save20,Yes,-10.64,45-59,Family,3,Accepted,N/A,High
1/19/2026,41.31,26.99,Spend40_Save20,Yes,6.99,18-29,Couple,2,Accepted,N/A,Medium
1/19/2026,49.57,6.39,Spend40_Save20,Yes,-13.61,18-29,Couple,2,Accepted,N/A,Medium
1/19/2026,49.73,17.36,Spend40_Save20,Yes,-2.64,30-44,Individual,1,Accepted,N/A,Medium
1/19/2026,76.67,46.82,Spend40_Save20,Yes,26.82,45-59,Individual,1,Accepted,N/A,Medium
1/19/2026,46.62,11.62,Spend40_Save20,Yes,-8.38,60+,Couple,2,Declined,Infrequent Shopper,Medium
1/20/2026,46.59,37.31,Spend40_Save20,Yes,17.31,45-59,Individual,1,Accepted,N/A,Medium
1/20/2026,46.37,13.86,Spend40_Save20,Yes,-6.14,45-59,Individual,1,Declined,Infrequent Shopper,Medium
1/20/2026,47.17,37.92,Spend40_Save20,Yes,17.92,18-29,Individual,1,Declined,Not Account Owner,Medium
1/20/2026,162.89,53.29,Spend40_Save20,Yes,33.29,60+,Family,3,Accepted,N/A,Medium
1/20/2026,175.13,43.71,Spend40_Save20,Yes,23.71,45-59,Family,3,Declined,Language Barrier,Medium
1/20/2026,65.34,26.19,Spend40_Save20,Yes,6.19,18-29,Individual,1,Declined,Language Barrier,Medium
1/20/2026,275.3,3.48,Spend40_Save20,Yes,-16.52,45-59,Family,4+,Declined,Not Account Owner,High
1/20/2026,86.66,44.49,Spend40_Save20,Yes,24.49,45-59,Family,4+,Accepted,N/A,Medium
1/20/2026,53.32,2.1,Spend40_Save20,Yes,-17.9,45-59,Individual,1,Accepted,N/A,High
1/20/2026,48.31,49.25,Spend40_Save20,Yes,29.25,18-29,Individual,1,Accepted,N/A,Low
1/20/2026,63.2,16.85,Spend40_Save20,Yes,-3.15,18-29,Family,3,Accepted,N/A,High
1/20/2026,580.53,6.95,Spend40_Save20,Yes,-13.05,45-59,Business,1,Accepted,N/A,High
1/20/2026,45.23,12.88,Spend40_Save20,Yes,-7.12,45-59,Individual,1,Declined,Infrequent Shopper,Medium
1/20/2026,42.39,8.53,Spend40_Save20,Yes,-11.47,18-29,Couple,2,Accepted,N/A,Medium
1/21/2026,45.03,19.33,Spend40_Save20,Yes,-0.67,45-59,Individual,1,Accepted,N/A,Medium
1/21/2026,98.89,22.92,Spend40_Save20,Yes,2.92,18-29,Family,3,Accepted,N/A,Medium
1/21/2026,22.19,53.24,Spend40_Save20,No,53.24,30-44,Couple,2,Not_Presented,N/A,Low
1/21/2026,81.73,26.22,Spend40_Save20,Yes,6.22,18-29,Couple,2,Declined,Other,Medium
1/21/2026,46.72,14.03,Spend40_Save20,Yes,-5.97,60+,Individual,1,Accepted,N/A,Medium
1/21/2026,41.58,28.39,Spend40_Save20,Yes,8.39,60+,Couple,2,Accepted,N/A,Medium
1/21/2026,88.86,36.24,Spend40_Save20,Yes,16.24,45-59,Family,3,Declined,Infrequent Shopper,Medium
1/21/2026,47.67,8.25,Spend40_Save20,Yes,-11.75,45-59,Couple,2,Accepted,N/A,Medium
1/21/2026,49.91,49.11,Spend40_Save20,Yes,29.11,45-59,Couple,2,Declined,Infrequent Shopper,Low
1/21/2026,43.58,19.46,Spend40_Save20,Yes,-0.54,45-59,Family,4+,Accepted,N/A,Medium
1/21/2026,402.59,34.19,Spend40_Save20,Yes,14.19,45-59,Business,1,Declined,Not Account Owner,High
1/21/2026,58.76,9.15,Spend40_Save20,Yes,-10.85,30-44,Individual,1,Accepted,N/A,High
1/21/2026,46.68,23.17,Spend40_Save20,Yes,3.17,30-44,Couple,2,Accepted,N/A,Medium
1/22/2026,21.34,27.78,Spend40_Save20,No,27.78,45-59,Individual,1,Not_Presented,N/A,Low
1/22/2026,69.02,17.41,Spend40_Save20,Yes,-2.59,60+,Individual,1,Declined,Not Account Owner,High
1/22/2026,47.43,55.92,Spend40_Save20,Yes,35.92,30-44,Couple,2,Declined,Price Concern,Low
1/22/2026,146.46,15.54,Spend40_Save20,Yes,-4.46,45-59,Business,1,Accepted,N/A,High
1/22/2026,49.05,40.22,Spend40_Save20,Yes,20.22,45-59,Individual,1,Declined,Other,Low
1/22/2026,70.54,39.74,Spend40_Save20,Yes,19.74,45-59,Individual,1,Accepted,N/A,Medium
1/22/2026,83.51,14.33,Spend40_Save20,Yes,-5.67,45-59,Couple,2,Accepted,N/A,High
1/22/2026,47.28,32.5,Spend40_Save20,Yes,12.5,30-44,Couple,2,Accepted,N/A,Medium
1/22/2026,207.14,14.91,Spend40_Save20,Yes,-5.09,30-44,Business,1,Accepted,N/A,High
1/22/2026,111.01,44.86,Spend40_Save20,Yes,24.86,30-44,Family,3,Accepted,N/A,Medium
1/22/2026,174.01,5.68,Spend40_Save20,Yes,-14.32,60+,Family,3,Accepted,N/A,High
1/23/2026,49.02,18.41,Spend40_Save20,Yes,-1.59,18-29,Individual,1,Accepted,N/A,Medium
1/23/2026,84.64,8.53,Spend40_Save20,Yes,-11.47,45-59,Family,3,Accepted,N/A,High
1/23/2026,5.02,4.46,Spend40_Save20,No,4.46,45-59,Individual,1,Not_Presented,N/A,Medium
1/23/2026,48.29,47.81,Spend40_Save20,Yes,27.81,30-44,Individual,1,Declined,Infrequent Shopper,Low
1/23/2026,41.31,3.09,Spend40_Save20,Yes,-16.91,30-44,Individual,1,Declined,Infrequent Shopper,Medium
1/23/2026,98.56,29.59,Spend40_Save20,Yes,9.59,30-44,Couple,2,Declined,Lack of Premium Knowledge,Medium
1/23/2026,98.51,48.75,Spend40_Save20,Yes,28.75,45-59,Individual,1,Accepted,N/A,Medium
1/23/2026,20.56,21.42,Spend40_Save20,No,21.42,45-59,Individual,1,Not_Presented,N/A,Low
1/23/2026,92.91,4.06,Spend40_Save20,Yes,-15.94,30-44,Couple,2,Accepted,N/A,High
1/23/2026,92.56,17.28,Spend40_Save20,Yes,-2.72,18-29,Couple,2,Accepted,N/A,High
1/23/2026,85.84,2.58,Spend40_Save20,Yes,-17.42,18-29,Couple,2,Declined,Language Barrier,High
1/24/2026,145.36,34.74,Spend40_Save20,Yes,14.74,60+,Family,4+,Accepted,N/A,High
1/24/2026,126.4,10.04,Spend40_Save20,Yes,-9.96,30-44,Family,4+,Accepted,N/A,High
1/24/2026,41.47,33.58,Spend40_Save20,Yes,13.58,60+,Couple,2,Accepted,N/A,Medium
1/24/2026,55.95,55.23,Spend40_Save20,Yes,35.23,30-44,Individual,1,Accepted,N/A,Medium
1/24/2026,47.06,15.3,Spend40_Save20,Yes,-4.7,45-59,Individual,1,Declined,Other,Medium
1/24/2026,46.47,20.26,Spend40_Save20,Yes,0.26,60+,Individual,1,Accepted,N/A,Medium
1/24/2026,58.78,2.54,Spend40_Save20,Yes,-17.46,30-44,Individual,1,Declined,Lack of Premium Knowledge,High
1/24/2026,83.5,4.11,Spend40_Save20,Yes,-15.89,30-44,Business,2,Accepted,N/A,High
1/24/2026,50.29,19.53,Spend40_Save20,Yes,-0.47,60+,Couple,2,Declined,Doesn't Want Renewal Fee,High
1/24/2026,46.59,27.7,Spend40_Save20,Yes,7.7,18-29,Individual,1,Declined,Infrequent Shopper,Medium
1/25/2026,48.57,17.25,No_Promotion,N/A,17.25,30-44,Individual,1,Declined,Other,Medium
1/25/2026,116.39,48.79,No_Promotion,N/A,48.79,30-44,Family,3,Accepted,N/A,Medium
1/26/2026,15.73,44.49,No_Promotion,N/A,44.49,45-59,Individual,1,Declined,Infrequent Shopper,Low
1/26/2026,96.11,12.51,No_Promotion,N/A,12.51,45-59,Couple,2,Declined,Basket Below Promotion Threshold,Medium
1/26/2026,77.62,26.07,No_Promotion,N/A,26.07,45-59,Couple,2,Accepted,N/A,Medium
1/27/2026,9.88,43.17,No_Promotion,N/A,43.17,45-59,Individual,1,Accepted,N/A,Low
1/27/2026,176.27,33.54,No_Promotion,N/A,33.54,45-59,Family,3,Accepted,N/A,Medium
1/28/2026,16.39,10.84,No_Promotion,N/A,10.84,45-59,Individual,1,Accepted,N/A,Medium
1/28/2026,256.58,14.34,No_Promotion,N/A,14.34,18-29,Business,3,Accepted,N/A,High
1/28/2026,213.5,54.94,No_Promotion,N/A,54.94,60+,Business,1,Declined,Not Account Owner,Medium
1/29/2026,317.74,24.17,No_Promotion,N/A,24.17,30-44,Family,4+,Accepted,N/A,Medium
1/29/2026,323.3,13.82,No_Promotion,N/A,13.82,60+,Business,3,Accepted,N/A,High
1/29/2026,70.64,14.02,No_Promotion,N/A,14.02,45-59,Individual,1,Declined,Infrequent Shopper,Medium
1/29/2026,25.85,7.4,No_Promotion,N/A,7.4,45-59,Family,3,Declined,Infrequent Shopper,Medium
1/30/2026,88.29,20.62,No_Promotion,N/A,20.62,30-44,Family,3,Accepted,N/A,Medium
1/30/2026,93.94,10.17,No_Promotion,N/A,10.17,18-29,Individual,1,Accepted,N/A,Medium
1/30/2026,43.36,30.12,No_Promotion,N/A,30.12,60+,Couple,2,Accepted,N/A,Low
1/30/2026,32.54,3.22,No_Promotion,N/A,3.22,30-44,Couple,2,Declined,Lack of Premium Knowledge,Medium
1/31/2026,166.45,18.02,No_Promotion,N/A,18.02,45-59,Family,3,Declined,Basket Below Promotion Threshold,High
1/31/2026,16.86,39.61,No_Promotion,N/A,39.61,45-59,Individual,1,Declined,Infrequent Shopper,Low
2/1/2026,212.05,46.87,Spend20_Save10,Yes,36.87,60+,Business,2,Declined,Language Barrier,Medium
2/1/2026,161.93,30.04,Spend20_Save10,Yes,20.04,18-29,Family,4+,Declined,Lack of Premium Knowledge,High
2/1/2026,80.41,31.19,Spend20_Save10,Yes,21.19,18-29,Family,4+,Accepted,N/A,Medium
2/1/2026,21.73,4.74,Spend20_Save10,Yes,-5.26,45-59,Individual,1,Declined,Infrequent Shopper,Medium
2/1/2026,7.66,37.33,Spend20_Save10,No,37.33,18-29,Individual,1,Not_Presented,N/A,Low
2/1/2026,18.1,28.18,Spend20_Save10,No,28.18,18-29,Individual,1,Not_Presented,N/A,Low
2/1/2026,311.28,45.14,Spend20_Save10,Yes,35.14,45-59,Business,1,Declined,Infrequent Shopper,Medium
2/2/2026,15.71,4.02,Spend20_Save10,No,4.02,60+,Individual,1,Not_Presented,N/A,Medium
2/2/2026,10.84,31.84,Spend20_Save10,No,31.84,18-29,Individual,1,Not_Presented,N/A,Low
2/2/2026,66.29,7.4,Spend20_Save10,Yes,-2.6,30-44,Couple,2,Accepted,N/A,High
2/2/2026,332.81,30.49,Spend20_Save10,Yes,20.49,30-44,Family,3,Accepted,N/A,High
2/2/2026,35.42,34.03,Spend20_Save10,Yes,24.03,45-59,Couple,2,Accepted,N/A,Medium
2/2/2026,190.23,10.1,Spend20_Save10,Yes,0.1,60+,Business,3,Accepted,N/A,High
2/3/2026,84.41,18.04,Spend20_Save10,Yes,8.04,30-44,Individual,1,Declined,Infrequent Shopper,High
2/3/2026,23.25,27.91,Spend20_Save10,Yes,17.91,45-59,Individual,1,Declined,Language Barrier,Medium
2/3/2026,29.18,3.41,Spend20_Save10,Yes,-6.59,45-59,Couple,2,Declined,Infrequent Shopper,Medium
2/3/2026,6.02,15.66,Spend20_Save10,No,15.66,30-44,Individual,1,Not_Presented,N/A,Medium
2/3/2026,9.11,45.37,Spend20_Save10,No,45.37,30-44,Couple,2,Not_Presented,N/A,Low
2/3/2026,196.42,12.29,Spend20_Save10,Yes,2.29,30-44,Business,1,Declined,Price Concern,High
2/4/2026,45.83,32.34,Spend20_Save10,Yes,22.34,30-44,Individual,1,Declined,Price Concern,Medium
2/4/2026,50.99,9.57,Spend20_Save10,Yes,-0.43,18-29,Couple,2,Accepted,N/A,High
2/4/2026,54.1,23.79,Spend20_Save10,Yes,13.79,30-44,Couple,2,Accepted,N/A,Medium
2/4/2026,486.91,27.16,Spend20_Save10,Yes,17.16,60+,Business,2,Accepted,N/A,High
2/4/2026,44.02,28.99,Spend20_Save10,Yes,18.99,18-29,Couple,2,Declined,Other,Medium
2/4/2026,12.25,44.86,Spend20_Save10,No,44.86,18-29,Couple,2,Not_Presented,N/A,Low
2/5/2026,261.94,47.91,Spend20_Save10,Yes,37.91,30-44,Family,3,Accepted,N/A,Medium
2/5/2026,51.01,15.36,Spend20_Save10,Yes,5.36,30-44,Individual,1,Accepted,N/A,High
2/5/2026,9.89,30.28,Spend20_Save10,No,30.28,30-44,Individual,1,Not_Presented,N/A,Low
2/5/2026,45.23,44.5,Spend20_Save10,Yes,34.5,45-59,Family,4+,Declined,Doesn't Want Renewal Fee,Low
2/5/2026,93.34,25.52,Spend20_Save10,Yes,15.52,30-44,Couple,2,Accepted,N/A,Medium
2/5/2026,89.94,19.57,Spend20_Save10,Yes,9.57,60+,Couple,2,Declined,Other,High
2/5/2026,5.68,31.3,Spend20_Save10,No,31.3,60+,Individual,1,Not_Presented,N/A,Low
2/5/2026,90.25,21.97,Spend20_Save10,Yes,11.97,60+,Family,4+,Accepted,N/A,Medium
2/5/2026,136.18,33.02,Spend20_Save10,Yes,23.02,30-44,Family,3,Declined,Other,High
2/5/2026,126.53,5.76,Spend20_Save10,Yes,-4.24,30-44,Family,3,Accepted,N/A,High
2/6/2026,122.1,19.22,Spend20_Save10,Yes,9.22,60+,Business,2,Accepted,N/A,High
2/6/2026,81.03,13.24,Spend20_Save10,Yes,3.24,45-59,Couple,2,Accepted,N/A,High
2/6/2026,50.11,22.17,Spend20_Save10,Yes,12.17,18-29,Individual,1,Accepted,N/A,Medium
2/6/2026,46,23.48,Spend20_Save10,Yes,13.48,45-59,Couple,2,Accepted,N/A,Medium
2/6/2026,9.65,32.08,Spend20_Save10,No,32.08,18-29,Individual,1,Not_Presented,N/A,Low
2/6/2026,141.75,7.4,Spend20_Save10,Yes,-2.6,45-59,Family,3,Accepted,N/A,High
2/6/2026,140.3,40.9,Spend20_Save10,Yes,30.9,45-59,Family,4+,Accepted,N/A,Medium
2/6/2026,342.13,12.76,Spend20_Save10,Yes,2.76,45-59,Business,2,Accepted,N/A,High
2/6/2026,18.57,49.32,Spend20_Save10,No,49.32,30-44,Individual,1,Not_Presented,N/A,Low
2/7/2026,116.83,18.97,Spend20_Save10,Yes,8.97,45-59,Business,2,Accepted,N/A,High
2/7/2026,33.02,11.81,Spend20_Save10,Yes,1.81,45-59,Couple,2,Declined,Not Account Owner,Medium
2/7/2026,67.48,48.27,Spend20_Save10,Yes,38.27,45-59,Family,4+,Declined,Other,Medium
2/7/2026,93.48,13.18,Spend20_Save10,Yes,3.18,18-29,Family,4+,Declined,Infrequent Shopper,High
2/7/2026,85.09,5.57,Spend20_Save10,Yes,-4.43,60+,Family,4+,Accepted,N/A,High
2/7/2026,193.51,9.5,Spend20_Save10,Yes,-0.5,18-29,Family,3,Accepted,N/A,High
2/7/2026,34.48,25.98,Spend20_Save10,Yes,15.98,30-44,Couple,2,Accepted,N/A,Medium
2/7/2026,39.54,3.58,Spend20_Save10,Yes,-6.42,18-29,Family,4+,Accepted,N/A,Medium
2/7/2026,44.1,59.15,Spend20_Save10,Yes,49.15,30-44,Couple,2,Declined,Price Concern,Low
2/8/2026,72.06,4.44,No_Promotion,N/A,4.44,30-44,Family,3,Accepted,N/A,Medium
2/8/2026,63.6,34.26,No_Promotion,N/A,34.26,30-44,Family,4+,Accepted,N/A,Medium
2/8/2026,285.06,34.9,No_Promotion,N/A,34.9,30-44,Business,2,Declined,Infrequent Shopper,Medium
2/8/2026,56.95,6.5,No_Promotion,N/A,6.5,45-59,Individual,1,Accepted,N/A,Medium
2/8/2026,52.13,18.04,No_Promotion,N/A,18.04,30-44,Couple,2,Declined,Infrequent Shopper,Medium
2/9/2026,22.68,4.48,No_Promotion,N/A,4.48,45-59,Individual,1,Declined,Infrequent Shopper,Medium
2/9/2026,46.25,25.33,No_Promotion,N/A,25.33,60+,Couple,2,Declined,Price Concern,Low
2/9/2026,96.32,25.27,No_Promotion,N/A,25.27,60+,Family,3,Declined,Price Concern,Medium
2/9/2026,57.92,21.87,No_Promotion,N/A,21.87,45-59,Individual,1,Declined,Other,Medium
2/10/2026,55,31.06,No_Promotion,N/A,31.06,60+,Individual,1,Declined,Not Account Owner,Medium
2/10/2026,269.96,18.6,No_Promotion,N/A,18.6,45-59,Business,2,Declined,Basket Below Promotion Threshold,High
2/10/2026,10.34,8.9,No_Promotion,N/A,8.9,45-59,Individual,1,Declined,Infrequent Shopper,Medium
2/10/2026,26.74,40.45,No_Promotion,N/A,40.45,18-29,Individual,1,Accepted,N/A,Low
2/10/2026,55.84,6.35,No_Promotion,N/A,6.35,18-29,Couple,2,Declined,Other,Medium
2/11/2026,176.98,8.38,No_Promotion,N/A,8.38,60+,Family,4+,Declined,Not Account Owner,High
2/11/2026,75.81,12.03,No_Promotion,N/A,12.03,45-59,Family,4+,Declined,Language Barrier,Medium
2/11/2026,32.9,6.51,No_Promotion,N/A,6.51,45-59,Couple,2,Declined,Price Concern,Medium
2/12/2026,18.15,36.14,No_Promotion,N/A,36.14,60+,Individual,1,Declined,Infrequent Shopper,Low
2/12/2026,171.68,33.15,No_Promotion,N/A,33.15,30-44,Couple,2,Accepted,N/A,Medium
2/12/2026,26.95,25.99,No_Promotion,N/A,25.99,30-44,Individual,1,Accepted,N/A,Low
2/12/2026,41.24,32.31,No_Promotion,N/A,32.31,45-59,Family,3,Declined,Infrequent Shopper,Low
2/12/2026,107,24.57,No_Promotion,N/A,24.57,18-29,Family,3,Declined,Doesn't Want Renewal Fee,Medium
2/13/2026,23.74,35.83,No_Promotion,N/A,35.83,45-59,Individual,1,Accepted,N/A,Low
2/13/2026,92.77,3.11,No_Promotion,N/A,3.11,30-44,Business,2,Accepted,N/A,Medium
2/14/2026,30.55,56.53,No_Promotion,N/A,56.53,45-59,Family,4+,Declined,Basket Below Promotion Threshold,Low
2/14/2026,95.79,29.12,No_Promotion,N/A,29.12,30-44,Couple,2,Accepted,N/A,Medium
2/14/2026,147.51,15.04,No_Promotion,N/A,15.04,18-29,Family,4+,Declined,Basket Below Promotion Threshold,High
2/14/2026,96.48,43.57,No_Promotion,N/A,43.57,30-44,Couple,2,Declined,Price Concern,Low
2/14/2026,11.67,12.96,No_Promotion,N/A,12.96,60+,Individual,1,Declined,Infrequent Shopper,Medium
2/15/2026,5.07,28.41,No_Promotion,N/A,28.41,60+,Individual,1,Declined,Price Concern,Low
2/15/2026,192.85,58.59,No_Promotion,N/A,58.59,30-44,Couple,2,Accepted,N/A,Medium
2/15/2026,14.83,7.32,No_Promotion,N/A,7.32,45-59,Individual,1,Accepted,N/A,Medium
2/15/2026,85.79,34.58,No_Promotion,N/A,34.58,60+,Family,4+,Accepted,N/A,Medium
2/15/2026,282.88,34.83,No_Promotion,N/A,34.83,30-44,Business,1,Declined,Basket Below Promotion Threshold,Medium
2/16/2026,69,9.63,No_Promotion,N/A,9.63,18-29,Family,3,Accepted,N/A,Medium
2/16/2026,30.12,19.71,No_Promotion,N/A,19.71,30-44,Individual,1,Declined,Lack of Premium Knowledge,Medium
2/17/2026,20.14,19.78,No_Promotion,N/A,19.78,45-59,Individual,1,Declined,Basket Below Promotion Threshold,Medium
2/17/2026,144.16,9.93,No_Promotion,N/A,9.93,60+,Business,2,Declined,Lack of Premium Knowledge,High
2/17/2026,203.62,6.94,No_Promotion,N/A,6.94,45-59,Family,4+,Declined,Not Account Owner,High
2/17/2026,272.51,3.81,No_Promotion,N/A,3.81,60+,Family,3,Declined,Basket Below Promotion Threshold,High
2/17/2026,124.39,42.66,No_Promotion,N/A,42.66,45-59,Couple,2,Accepted,N/A,Medium
2/18/2026,242.81,28.95,No_Promotion,N/A,28.95,45-59,Family,4+,Accepted,N/A,Medium
2/18/2026,7.04,46.77,No_Promotion,N/A,46.77,18-29,Couple,2,Declined,Other,Low
2/18/2026,101.19,11.75,No_Promotion,N/A,11.75,45-59,Business,1,Declined,Infrequent Shopper,High
2/18/2026,55.49,14.59,No_Promotion,N/A,14.59,60+,Family,3,Accepted,N/A,Medium
2/19/2026,23.2,5.85,No_Promotion,N/A,5.85,18-29,Individual,1,Declined,Infrequent Shopper,Medium
2/19/2026,139.63,6.8,No_Promotion,N/A,6.8,45-59,Family,3,Accepted,N/A,High
2/20/2026,96.32,21.99,No_Promotion,N/A,21.99,18-29,Family,4+,Declined,Basket Below Promotion Threshold,Medium
2/20/2026,28.95,50.29,No_Promotion,N/A,50.29,18-29,Individual,1,Declined,Basket Below Promotion Threshold,Low
2/21/2026,66.18,23.54,No_Promotion,N/A,23.54,30-44,Family,4+,Declined,Not Account Owner,Medium
2/21/2026,24.27,16.43,No_Promotion,N/A,16.43,30-44,Individual,1,Accepted,N/A,Medium
2/21/2026,29.01,26.81,No_Promotion,N/A,26.81,45-59,Couple,2,Declined,Infrequent Shopper,Low
2/21/2026,193.89,12.33,No_Promotion,N/A,12.33,60+,Family,3,Declined,Not Account Owner,High
2/22/2026,24.33,5.05,No_Promotion,N/A,5.05,60+,Individual,1,Declined,Not Account Owner,Medium
2/22/2026,51.85,13.56,No_Promotion,N/A,13.56,45-59,Couple,2,Accepted,N/A,Medium
2/22/2026,43.13,27.36,No_Promotion,N/A,27.36,45-59,Individual,1,Declined,Basket Below Promotion Threshold,Low
2/23/2026,113.15,47.87,No_Promotion,N/A,47.87,18-29,Family,3,Accepted,N/A,Medium
2/23/2026,72.3,56.5,No_Promotion,N/A,56.5,30-44,Individual,1,Accepted,N/A,Low
2/23/2026,55.96,29.87,No_Promotion,N/A,29.87,18-29,Individual,1,Declined,Infrequent Shopper,Medium
2/24/2026,26.66,16.36,No_Promotion,N/A,16.36,30-44,Individual,1,Declined,Infrequent Shopper,Medium
2/24/2026,112.39,26.34,No_Promotion,N/A,26.34,45-59,Family,3,Declined,Basket Below Promotion Threshold,Medium
2/24/2026,42.52,14.23,No_Promotion,N/A,14.23,30-44,Couple,2,Declined,Infrequent Shopper,Medium
2/25/2026,113.04,29.84,No_Promotion,N/A,29.84,30-44,Business,1,Accepted,N/A,Medium
2/25/2026,90.7,31.95,No_Promotion,N/A,31.95,30-44,Individual,1,Declined,Basket Below Promotion Threshold,Medium
2/25/2026,14.28,22.07,No_Promotion,N/A,22.07,30-44,Couple,2,Declined,Other,Low
2/26/2026,12.55,5.34,No_Promotion,N/A,5.34,18-29,Individual,1,Accepted,N/A,Medium
2/26/2026,98.43,37.29,No_Promotion,N/A,37.29,60+,Family,3,Accepted,N/A,Medium
2/26/2026,42.1,2.44,No_Promotion,N/A,2.44,45-59,Couple,2,Accepted,N/A,Medium
2/27/2026,142.08,13.38,No_Promotion,N/A,13.38,30-44,Family,3,Accepted,N/A,High
2/27/2026,44.73,18.38,No_Promotion,N/A,18.38,30-44,Couple,2,Accepted,N/A,Medium
2/27/2026,143.48,49.55,No_Promotion,N/A,49.55,30-44,Family,3,Declined,Doesn't Want Renewal Fee,Medium
2/27/2026,197.5,38.01,No_Promotion,N/A,38.01,18-29,Family,3,Accepted,N/A,Medium
2/27/2026,46.42,13.99,No_Promotion,N/A,13.99,30-44,Individual,1,Declined,Lack of Premium Knowledge,Medium
2/28/2026,54.55,6.19,No_Promotion,N/A,6.19,30-44,Couple,2,Accepted,N/A,Medium
2/28/2026,150.11,6.56,No_Promotion,N/A,6.56,45-59,Family,3,Accepted,N/A,High
3/1/2026,46.06,44.11,Spend20_Save10,Yes,34.11,18-29,Individual,1,Declined,Not Account Owner,Low
3/1/2026,12.88,51.87,Spend20_Save10,No,51.87,60+,Individual,1,Not_Presented,N/A,Low
3/1/2026,68.61,6.71,Spend20_Save10,Yes,-3.29,45-59,Family,4+,Declined,Infrequent Shopper,High
3/1/2026,59.33,25.54,Spend20_Save10,Yes,15.54,18-29,Couple,2,Declined,Lack of Premium Knowledge,Medium
3/1/2026,64.15,30.36,Spend20_Save10,Yes,20.36,30-44,Couple,2,Declined,Other,Medium
3/1/2026,11.94,42.4,Spend20_Save10,No,42.4,30-44,Individual,1,Not_Presented,N/A,Low
3/1/2026,22.99,28.37,Spend20_Save10,Yes,18.37,18-29,Individual,1,Declined,Infrequent Shopper,Medium
3/1/2026,166.11,15,Spend20_Save10,Yes,5,30-44,Family,3,Declined,Lack of Premium Knowledge,High
3/2/2026,70.42,46.71,Spend20_Save10,Yes,36.71,45-59,Family,3,Declined,Not Account Owner,Medium
3/2/2026,84.64,13.92,Spend20_Save10,Yes,3.92,18-29,Couple,2,Declined,Other,High
3/2/2026,89.37,32.99,Spend20_Save10,Yes,22.99,30-44,Couple,2,Declined,Other,Medium
3/2/2026,20.39,33.59,Spend20_Save10,Yes,23.59,18-29,Couple,2,Declined,Other,Medium
3/2/2026,90.52,14.1,Spend20_Save10,Yes,4.1,30-44,Individual,1,Declined,Infrequent Shopper,High
3/2/2026,205.63,33.88,Spend20_Save10,Yes,23.88,18-29,Business,2,Accepted,N/A,High
3/2/2026,20.71,21.74,Spend20_Save10,Yes,11.74,45-59,Individual,1,Declined,Not Account Owner,Medium
3/2/2026,16.45,37.18,Spend20_Save10,No,37.18,45-59,Individual,1,Not_Presented,N/A,Low
3/3/2026,368.23,9.55,Spend20_Save10,Yes,-0.45,30-44,Business,1,Accepted,N/A,High
3/3/2026,72.66,30.91,Spend20_Save10,Yes,20.91,45-59,Individual,1,Declined,Doesn't Want Renewal Fee,Medium
3/3/2026,316.53,16.08,Spend20_Save10,Yes,6.08,18-29,Business,2,Declined,Other,High
3/3/2026,13.79,12.77,Spend20_Save10,No,12.77,45-59,Individual,1,Not_Presented,N/A,Medium
3/3/2026,80,17.25,Spend20_Save10,Yes,7.25,45-59,Family,4+,Accepted,N/A,High
3/3/2026,584.81,6.6,Spend20_Save10,Yes,-3.4,45-59,Business,3,Accepted,N/A,High
3/3/2026,154.07,19.79,Spend20_Save10,Yes,9.79,30-44,Business,1,Accepted,N/A,High
3/3/2026,38.07,10.49,Spend20_Save10,Yes,0.49,18-29,Individual,1,Accepted,N/A,Medium
3/4/2026,86.51,27.88,Spend20_Save10,Yes,17.88,30-44,Couple,2,Accepted,N/A,Medium
3/4/2026,64.68,38.07,Spend20_Save10,Yes,28.07,18-29,Family,4+,Declined,Infrequent Shopper,Medium
3/4/2026,44.91,4.17,Spend20_Save10,Yes,-5.83,45-59,Individual,1,Declined,Infrequent Shopper,Medium
3/4/2026,40.37,28.74,Spend20_Save10,Yes,18.74,30-44,Couple,2,Accepted,N/A,Medium
3/4/2026,35.8,18.44,Spend20_Save10,Yes,8.44,45-59,Couple,2,Declined,Doesn't Want Renewal Fee,Medium
3/4/2026,44.46,22.79,Spend20_Save10,Yes,12.79,30-44,Couple,2,Declined,Language Barrier,Medium
3/4/2026,322.21,20.65,Spend20_Save10,Yes,10.65,18-29,Business,1,Accepted,N/A,High
3/4/2026,241.06,19.48,Spend20_Save10,Yes,9.48,60+,Business,1,Accepted,N/A,High
3/5/2026,485.42,34.2,Spend20_Save10,Yes,24.2,45-59,Business,1,Accepted,N/A,High
3/5/2026,86.46,12.63,Spend20_Save10,Yes,2.63,60+,Couple,2,Accepted,N/A,High
3/5/2026,17.34,24.86,Spend20_Save10,No,24.86,30-44,Couple,2,Not_Presented,N/A,Low
3/5/2026,48,32.69,Spend20_Save10,Yes,22.69,60+,Individual,1,Declined,Infrequent Shopper,Medium
3/5/2026,50.99,12.15,Spend20_Save10,Yes,2.15,30-44,Couple,2,Accepted,N/A,High
3/5/2026,42.91,38.04,Spend20_Save10,Yes,28.04,60+,Couple,2,Declined,Not Account Owner,Medium
3/5/2026,11.31,6.13,Spend20_Save10,No,6.13,30-44,Individual,1,Not_Presented,N/A,Medium
3/5/2026,79.73,27.7,Spend20_Save10,Yes,17.7,30-44,Family,3,Declined,Other,Medium
3/6/2026,24.35,58.29,Spend20_Save10,Yes,48.29,18-29,Couple,2,Declined,Lack of Premium Knowledge,Low
3/6/2026,79.55,33.36,Spend20_Save10,Yes,23.36,45-59,Family,4+,Declined,Price Concern,Medium
3/6/2026,68.19,3.19,Spend20_Save10,Yes,-6.81,30-44,Family,4+,Accepted,N/A,High
3/6/2026,5.16,14.69,Spend20_Save10,No,14.69,45-59,Individual,1,Not_Presented,N/A,Medium
3/6/2026,160.85,22.22,Spend20_Save10,Yes,12.22,45-59,Business,3,Accepted,N/A,High
3/6/2026,62.99,48.88,Spend20_Save10,Yes,38.88,60+,Couple,2,Declined,Infrequent Shopper,Medium
3/6/2026,151.53,24.01,Spend20_Save10,Yes,14.01,30-44,Family,4+,Accepted,N/A,High
3/6/2026,56,27.34,Spend20_Save10,Yes,17.34,45-59,Individual,1,Declined,Lack of Premium Knowledge,Medium
3/6/2026,36.26,29.91,Spend20_Save10,Yes,19.91,60+,Individual,1,Declined,Infrequent Shopper,Medium
3/6/2026,336.53,59.48,Spend20_Save10,Yes,49.48,45-59,Family,4+,Accepted,N/A,Medium
3/7/2026,16.79,47.91,Spend20_Save10,No,47.91,60+,Individual,1,Not_Presented,N/A,Low
3/7/2026,57.2,25.79,Spend20_Save10,Yes,15.79,30-44,Individual,1,Declined,Price Concern,Medium
3/7/2026,14.71,20.45,Spend20_Save10,No,20.45,45-59,Individual,1,Not_Presented,N/A,Low
3/7/2026,18.45,42.21,Spend20_Save10,No,42.21,45-59,Individual,1,Not_Presented,N/A,Low
3/7/2026,38.33,52.46,Spend20_Save10,Yes,42.46,30-44,Couple,2,Declined,Infrequent Shopper,Low
3/7/2026,61.7,24.95,Spend20_Save10,Yes,14.95,30-44,Couple,2,Accepted,N/A,Medium
3/7/2026,149.35,17.35,Spend20_Save10,Yes,7.35,60+,Family,3,Declined,Not Account Owner,High
3/7/2026,86.84,26.4,Spend20_Save10,Yes,16.4,30-44,Couple,2,Accepted,N/A,Medium
3/7/2026,74.78,6.5,Spend20_Save10,Yes,-3.5,60+,Couple,2,Accepted,N/A,High
3/7/2026,345.93,41.68,Spend20_Save10,Yes,31.68,60+,Family,4+,Declined,Price Concern,Medium
3/8/2026,187.29,52.47,No_Promotion,N/A,52.47,18-29,Family,3,Accepted,N/A,Medium
3/8/2026,18.34,2.79,No_Promotion,N/A,2.79,18-29,Individual,1,Accepted,N/A,Medium
3/8/2026,167.52,8.57,No_Promotion,N/A,8.57,30-44,Family,3,Accepted,N/A,High
3/8/2026,21.36,42.61,No_Promotion,N/A,42.61,30-44,Individual,1,Declined,Basket Below Promotion Threshold,Low
3/9/2026,124.04,21.08,No_Promotion,N/A,21.08,30-44,Family,4+,Declined,Not Account Owner,Medium
3/9/2026,67.33,33.38,No_Promotion,N/A,33.38,30-44,Family,4+,Declined,Price Concern,Medium
3/9/2026,27.32,14.61,No_Promotion,N/A,14.61,45-59,Individual,1,Declined,Infrequent Shopper,Medium
3/10/2026,13.35,26.65,No_Promotion,N/A,26.65,45-59,Couple,2,Declined,Basket Below Promotion Threshold,Low
3/10/2026,192.41,27.84,No_Promotion,N/A,27.84,60+,Family,3,Accepted,N/A,Medium
3/10/2026,25.44,41.43,No_Promotion,N/A,41.43,18-29,Individual,1,Declined,Infrequent Shopper,Low
3/10/2026,14.91,21.89,No_Promotion,N/A,21.89,45-59,Individual,1,Accepted,N/A,Low
3/11/2026,96.96,7.71,No_Promotion,N/A,7.71,18-29,Family,3,Declined,Other,Medium
3/11/2026,59.68,17.6,No_Promotion,N/A,17.6,30-44,Individual,1,Declined,Other,Medium
3/11/2026,277.64,13.25,No_Promotion,N/A,13.25,30-44,Business,1,Accepted,N/A,High
3/11/2026,88.53,50.49,No_Promotion,N/A,50.49,45-59,Individual,1,Declined,Other,Low
3/11/2026,10.54,2.75,No_Promotion,N/A,2.75,60+,Individual,1,Accepted,N/A,Medium
3/12/2026,307.98,32.22,No_Promotion,N/A,32.22,30-44,Business,2,Declined,Not Account Owner,Medium
3/12/2026,54.01,27.48,No_Promotion,N/A,27.48,18-29,Individual,1,Accepted,N/A,Medium
3/12/2026,87.27,37.06,No_Promotion,N/A,37.06,18-29,Couple,2,Declined,Language Barrier,Medium
3/12/2026,14.31,5.76,No_Promotion,N/A,5.76,30-44,Individual,1,Declined,Other,Medium
3/13/2026,73.1,7.79,No_Promotion,N/A,7.79,60+,Couple,2,Accepted,N/A,Medium
3/13/2026,87.1,9.33,No_Promotion,N/A,9.33,18-29,Family,3,Declined,Infrequent Shopper,Medium
3/13/2026,19.82,4.44,No_Promotion,N/A,4.44,45-59,Individual,1,Accepted,N/A,Medium
3/13/2026,40.96,23.25,No_Promotion,N/A,23.25,60+,Couple,2,Declined,Not Account Owner,Low
3/13/2026,59.18,6.57,No_Promotion,N/A,6.57,30-44,Couple,2,Accepted,N/A,Medium
3/14/2026,198.88,14.93,No_Promotion,N/A,14.93,30-44,Business,1,Declined,Other,High
3/14/2026,67.54,20.95,No_Promotion,N/A,20.95,30-44,Family,3,Declined,Infrequent Shopper,Medium
3/15/2026,32.71,18.73,No_Promotion,N/A,18.73,30-44,Couple,2,Declined,Price Concern,Medium
3/15/2026,76.11,25.01,No_Promotion,N/A,25.01,30-44,Couple,2,Accepted,N/A,Medium
3/15/2026,112.77,5.31,No_Promotion,N/A,5.31,30-44,Family,3,Accepted,N/A,High
3/15/2026,13.97,10.63,No_Promotion,N/A,10.63,45-59,Individual,1,Declined,Other,Medium
3/16/2026,7.32,9.23,No_Promotion,N/A,9.23,60+,Individual,1,Accepted,N/A,Medium
3/16/2026,10.9,18.03,No_Promotion,N/A,18.03,45-59,Individual,1,Declined,Basket Below Promotion Threshold,Medium
3/16/2026,95.02,17.03,No_Promotion,N/A,17.03,18-29,Couple,2,Declined,Language Barrier,Medium
3/17/2026,168.3,38,No_Promotion,N/A,38,60+,Business,1,Declined,Basket Below Promotion Threshold,Medium
3/17/2026,8.68,5.71,No_Promotion,N/A,5.71,18-29,Individual,1,Declined,Basket Below Promotion Threshold,Medium
3/17/2026,37.98,14.92,No_Promotion,N/A,14.92,18-29,Individual,1,Declined,Price Concern,Medium
3/18/2026,134.78,2.8,No_Promotion,N/A,2.8,18-29,Business,1,Accepted,N/A,High
3/18/2026,35.79,13.01,No_Promotion,N/A,13.01,60+,Individual,1,Declined,Doesn't Want Renewal Fee,Medium
3/18/2026,96.69,13.23,No_Promotion,N/A,13.23,45-59,Family,3,Accepted,N/A,Medium
3/18/2026,173.51,23.95,No_Promotion,N/A,23.95,30-44,Family,3,Accepted,N/A,Medium
3/18/2026,124.01,13.8,No_Promotion,N/A,13.8,30-44,Family,3,Declined,Infrequent Shopper,High
3/19/2026,332.62,6.96,No_Promotion,N/A,6.96,30-44,Business,2,Declined,Not Account Owner,High
3/19/2026,68.08,30.51,No_Promotion,N/A,30.51,45-59,Individual,1,Declined,Infrequent Shopper,Medium
3/19/2026,24.14,27.87,No_Promotion,N/A,27.87,45-59,Individual,1,Declined,Language Barrier,Low
3/20/2026,51.24,34.02,No_Promotion,N/A,34.02,45-59,Couple,2,Declined,Not Account Owner,Medium
3/20/2026,5.98,8.78,No_Promotion,N/A,8.78,60+,Individual,1,Declined,Lack of Premium Knowledge,Medium
3/20/2026,114.94,53.5,No_Promotion,N/A,53.5,30-44,Family,3,Declined,Price Concern,Medium
3/20/2026,25.59,18.14,No_Promotion,N/A,18.14,30-44,Individual,1,Declined,Lack of Premium Knowledge,Medium
3/21/2026,38.95,33.18,No_Promotion,N/A,33.18,30-44,Family,3,Declined,Price Concern,Low
3/21/2026,11.71,30.12,No_Promotion,N/A,30.12,45-59,Couple,2,Declined,Infrequent Shopper,Low
3/22/2026,229.81,48.76,No_Promotion,N/A,48.76,30-44,Business,2,Accepted,N/A,Medium
3/22/2026,19.14,36.8,No_Promotion,N/A,36.8,30-44,Individual,1,Declined,Basket Below Promotion Threshold,Low
3/22/2026,86.02,42.25,No_Promotion,N/A,42.25,18-29,Individual,1,Declined,Price Concern,Low
3/23/2026,18.01,31.49,No_Promotion,N/A,31.49,30-44,Individual,1,Declined,Basket Below Promotion Threshold,Low
3/23/2026,430.3,32.41,No_Promotion,N/A,32.41,60+,Family,3,Accepted,N/A,Medium
3/23/2026,7.53,5.93,No_Promotion,N/A,5.93,30-44,Individual,1,Declined,Infrequent Shopper,Medium
3/24/2026,31.45,33,No_Promotion,N/A,33,45-59,Couple,2,Declined,Not Account Owner,Low
3/24/2026,47.16,12.15,No_Promotion,N/A,12.15,45-59,Couple,2,Declined,Infrequent Shopper,Medium
3/24/2026,20.75,11.28,No_Promotion,N/A,11.28,30-44,Individual,1,Declined,Other,Medium
3/25/2026,95.57,30.76,No_Promotion,N/A,30.76,30-44,Family,3,Declined,Infrequent Shopper,Medium
3/25/2026,55.13,15.04,No_Promotion,N/A,15.04,30-44,Family,3,Accepted,N/A,Medium
3/25/2026,21.43,22.5,No_Promotion,N/A,22.5,45-59,Individual,1,Declined,Basket Below Promotion Threshold,Low
3/25/2026,27.46,2.07,No_Promotion,N/A,2.07,45-59,Individual,1,Accepted,N/A,Medium
3/26/2026,258.95,49.94,No_Promotion,N/A,49.94,45-59,Business,2,Accepted,N/A,Medium
3/26/2026,98.75,13.16,No_Promotion,N/A,13.16,30-44,Family,3,Accepted,N/A,Medium
3/27/2026,38.9,37.88,No_Promotion,N/A,37.88,45-59,Individual,1,Accepted,N/A,Low
3/27/2026,317.63,12.5,No_Promotion,N/A,12.5,45-59,Business,1,Accepted,N/A,High
3/27/2026,12.45,10.11,No_Promotion,N/A,10.11,18-29,Couple,2,Declined,Doesn't Want Renewal Fee,Medium
3/27/2026,73.53,29.23,No_Promotion,N/A,29.23,30-44,Business,1,Declined,Price Concern,Medium
3/28/2026,121.85,25.79,No_Promotion,N/A,25.79,18-29,Couple,2,Accepted,N/A,Medium
3/28/2026,6.27,14.28,No_Promotion,N/A,14.28,60+,Individual,1,Accepted,N/A,Medium
3/28/2026,121.11,29.14,No_Promotion,N/A,29.14,45-59,Family,3,Declined,Basket Below Promotion Threshold,Medium
3/29/2026,5.96,34.14,No_Promotion,N/A,34.14,18-29,Couple,2,Accepted,N/A,Low
3/29/2026,27.07,30.82,No_Promotion,N/A,30.82,45-59,Individual,1,Accepted,N/A,Low
3/29/2026,46.04,27.26,No_Promotion,N/A,27.26,60+,Couple,2,Accepted,N/A,Low
3/29/2026,82.55,23.59,No_Promotion,N/A,23.59,30-44,Couple,2,Declined,Basket Below Promotion Threshold,Medium
3/29/2026,32.42,46.97,No_Promotion,N/A,46.97,45-59,Couple,2,Accepted,N/A,Low
3/30/2026,78.96,17.27,No_Promotion,N/A,17.27,30-44,Family,3,Declined,Lack of Premium Knowledge,Medium
3/30/2026,34.95,24.3,No_Promotion,N/A,24.3,18-29,Individual,1,Declined,Infrequent Shopper,Low
3/30/2026,44.49,28.61,No_Promotion,N/A,28.61,45-59,Individual,1,Accepted,N/A,Low
3/30/2026,54.06,43.53,No_Promotion,N/A,43.53,30-44,Individual,1,Accepted,N/A,Low
3/31/2026,27.62,33.22,No_Promotion,N/A,33.22,60+,Individual,1,Declined,Language Barrier,Low
3/31/2026,55.12,31.98,No_Promotion,N/A,31.98,45-59,Individual,1,Declined,Not Account Owner,Medium
3/31/2026,27.47,9.87,No_Promotion,N/A,9.87,45-59,Individual,1,Declined,Basket Below Promotion Threshold,Medium
3/31/2026,39.55,3.37,No_Promotion,N/A,3.37,45-59,Family,3,Accepted,N/A,Medium
3/31/2026,115.62,16.46,No_Promotion,N/A,16.46,45-59,Family,3,Accepted,N/A,High
4/1/2026,269.03,4.74,Spend20_Save10,Yes,-5.26,18-29,Family,4+,Accepted,N/A,High
4/1/2026,140.21,38.77,Spend20_Save10,Yes,28.77,30-44,Couple,2,Accepted,N/A,High
4/1/2026,19.68,22.93,Spend20_Save10,No,22.93,18-29,Individual,1,Not_Presented,N/A,Low
4/1/2026,112.84,6.99,Spend20_Save10,Yes,-3.01,18-29,Business,2,Accepted,N/A,High
4/1/2026,83.28,6.27,Spend20_Save10,Yes,-3.73,30-44,Couple,2,Declined,Lack of Premium Knowledge,High
4/1/2026,104.1,50.75,Spend20_Save10,Yes,40.75,45-59,Family,4+,Declined,Infrequent Shopper,Medium
4/2/2026,110.18,44.99,Spend20_Save10,Yes,34.99,45-59,Family,3,Accepted,N/A,Medium
4/2/2026,17.79,24.42,Spend20_Save10,No,24.42,45-59,Family,3,Not_Presented,N/A,Low
4/2/2026,57.24,23.46,Spend20_Save10,Yes,13.46,30-44,Couple,2,Accepted,N/A,Medium
4/2/2026,122.57,12.5,Spend20_Save10,Yes,2.5,30-44,Family,4+,Declined,Price Concern,High
4/2/2026,154.59,12.86,Spend20_Save10,Yes,2.86,18-29,Family,4+,Accepted,N/A,High
4/2/2026,29.36,2.75,Spend20_Save10,Yes,-7.25,45-59,Individual,1,Accepted,N/A,Medium
4/3/2026,68.14,19.57,Spend20_Save10,Yes,9.57,18-29,Couple,2,Declined,Infrequent Shopper,High
4/3/2026,48.93,30.85,Spend20_Save10,Yes,20.85,60+,Individual,1,Declined,Other,Medium
4/3/2026,54.9,5.41,Spend20_Save10,Yes,-4.59,60+,Couple,2,Accepted,N/A,High
4/3/2026,24.12,29.53,Spend20_Save10,Yes,19.53,18-29,Individual,1,Declined,Price Concern,Medium
4/3/2026,155.53,14.76,Spend20_Save10,Yes,4.76,60+,Business,3,Accepted,N/A,High
4/3/2026,81.86,32.22,Spend20_Save10,Yes,22.22,45-59,Family,3,Declined,Not Account Owner,Medium
4/3/2026,34.04,11.81,Spend20_Save10,Yes,1.81,45-59,Individual,1,Declined,Infrequent Shopper,Medium
4/3/2026,12.13,20.41,Spend20_Save10,No,20.41,45-59,Couple,2,Not_Presented,N/A,Low
4/3/2026,138.83,24.94,Spend20_Save10,Yes,14.94,30-44,Family,3,Accepted,N/A,High
4/3/2026,579.79,12.7,Spend20_Save10,Yes,2.7,30-44,Business,1,Accepted,N/A,High
4/4/2026,94.3,8.8,Spend20_Save10,Yes,-1.2,18-29,Family,4+,Accepted,N/A,High
4/4/2026,31.91,18.52,Spend20_Save10,Yes,8.52,45-59,Couple,2,Accepted,N/A,Medium
4/4/2026,13.24,36.13,Spend20_Save10,No,36.13,30-44,Individual,1,Not_Presented,N/A,Low
4/4/2026,30.76,24.44,Spend20_Save10,Yes,14.44,18-29,Individual,1,Declined,Not Account Owner,Medium
4/4/2026,20.87,4.81,Spend20_Save10,Yes,-5.19,18-29,Individual,1,Declined,Doesn't Want Renewal Fee,Medium
4/4/2026,103.84,21.64,Spend20_Save10,Yes,11.64,45-59,Family,4+,Accepted,N/A,High
4/4/2026,109.33,22.08,Spend20_Save10,Yes,12.08,60+,Business,2,Accepted,N/A,High
4/4/2026,45.78,30.39,Spend20_Save10,Yes,20.39,30-44,Individual,1,Accepted,N/A,Medium
4/4/2026,87.23,23.24,Spend20_Save10,Yes,13.24,30-44,Family,4+,Accepted,N/A,Medium
4/4/2026,18.14,22.92,Spend20_Save10,No,22.92,60+,Individual,1,Not_Presented,N/A,Low
4/5/2026,97.03,32.54,Spend20_Save10,Yes,22.54,30-44,Couple,2,Declined,Doesn't Want Renewal Fee,Medium
4/5/2026,69.38,2.19,Spend20_Save10,Yes,-7.81,18-29,Business,3,Accepted,N/A,High
4/5/2026,70.24,39.36,Spend20_Save10,Yes,29.36,45-59,Individual,1,Accepted,N/A,Medium
4/5/2026,81.47,29.65,Spend20_Save10,Yes,19.65,45-59,Individual,1,Declined,Language Barrier,Medium
4/5/2026,29.2,18.83,Spend20_Save10,Yes,8.83,30-44,Individual,1,Declined,Price Concern,Medium
4/5/2026,90.21,5.27,Spend20_Save10,Yes,-4.73,30-44,Family,3,Declined,Infrequent Shopper,High
4/5/2026,65.48,19.8,Spend20_Save10,Yes,9.8,18-29,Couple,2,Accepted,N/A,High
4/5/2026,13.02,25.84,Spend20_Save10,No,25.84,60+,Individual,1,Not_Presented,N/A,Low
4/6/2026,325.25,17.76,Spend20_Save10,Yes,7.76,18-29,Family,3,Accepted,N/A,High
4/6/2026,26.04,2.44,Spend20_Save10,Yes,-7.56,30-44,Individual,1,Accepted,N/A,Medium
4/6/2026,150.02,36.06,Spend20_Save10,Yes,26.06,45-59,Family,3,Accepted,N/A,High
4/6/2026,86.76,42.41,Spend20_Save10,Yes,32.41,45-59,Family,4+,Declined,Doesn't Want Renewal Fee,Medium
4/6/2026,27.94,4.5,Spend20_Save10,Yes,-5.5,30-44,Individual,1,Accepted,N/A,Medium
4/6/2026,89.21,36.39,Spend20_Save10,Yes,26.39,30-44,Couple,2,Declined,Infrequent Shopper,Medium
4/6/2026,42.47,31.91,Spend20_Save10,Yes,21.91,30-44,Individual,1,Declined,Not Account Owner,Medium
4/7/2026,23.51,34.5,Spend20_Save10,Yes,24.5,60+,Individual,1,Declined,Infrequent Shopper,Medium
4/7/2026,502.51,11.16,Spend20_Save10,Yes,1.16,45-59,Family,4+,Accepted,N/A,High
4/7/2026,15.46,29.47,Spend20_Save10,No,29.47,45-59,Individual,1,Not_Presented,N/A,Low
4/7/2026,28.72,12.45,Spend20_Save10,Yes,2.45,30-44,Couple,2,Accepted,N/A,Medium
4/7/2026,52.89,14.28,Spend20_Save10,Yes,4.28,18-29,Individual,1,Accepted,N/A,High
4/7/2026,22.89,6.05,Spend20_Save10,Yes,-3.95,18-29,Individual,1,Accepted,N/A,Medium
4/7/2026,41.93,23.89,Spend20_Save10,Yes,13.89,45-59,Individual,1,Declined,Other,Medium
4/7/2026,162.05,26.53,Spend20_Save10,Yes,16.53,60+,Family,3,Declined,Other,High
4/7/2026,113.13,58.96,Spend20_Save10,Yes,48.96,18-29,Couple,2,Declined,Other,Medium
4/8/2026,108.15,7.68,No_Promotion,N/A,7.68,18-29,Family,3,Accepted,N/A,High
4/8/2026,99.16,35.1,No_Promotion,N/A,35.1,18-29,Couple,2,Accepted,N/A,Medium
4/9/2026,10,24.73,No_Promotion,N/A,24.73,30-44,Individual,1,Declined,Basket Below Promotion Threshold,Low
4/9/2026,35.13,4.17,No_Promotion,N/A,4.17,45-59,Individual,1,Accepted,N/A,Medium
4/9/2026,18.75,21.93,No_Promotion,N/A,21.93,18-29,Individual,1,Declined,Price Concern,Low
4/9/2026,41.23,25.53,No_Promotion,N/A,25.53,30-44,Individual,1,Declined,Infrequent Shopper,Low
4/10/2026,40.35,42.59,Spend40_Save20,Yes,22.59,30-44,Couple,2,Accepted,N/A,Low
4/10/2026,188.09,5.43,Spend40_Save20,Yes,-14.57,30-44,Family,3,Accepted,N/A,High
4/10/2026,66.99,44.18,Spend40_Save20,Yes,24.18,45-59,Couple,2,Declined,Infrequent Shopper,Medium
4/10/2026,288.68,30.36,Spend40_Save20,Yes,10.36,30-44,Family,4+,Declined,Other,High
4/10/2026,41.78,29.63,Spend40_Save20,Yes,9.63,45-59,Couple,2,Declined,Not Account Owner,Medium
4/10/2026,322.71,16.82,Spend40_Save20,Yes,-3.18,60+,Family,4+,Accepted,N/A,High
4/10/2026,99.29,6.19,Spend40_Save20,Yes,-13.81,18-29,Family,3,Declined,Lack of Premium Knowledge,High
4/10/2026,12.7,9.78,Spend40_Save20,No,9.78,45-59,Individual,1,Not_Presented,N/A,Medium
4/10/2026,46.94,11.8,Spend40_Save20,Yes,-8.2,30-44,Individual,1,Declined,Lack of Premium Knowledge,Medium
4/11/2026,85.77,22.38,Spend40_Save20,Yes,2.38,60+,Family,3,Declined,Infrequent Shopper,Medium
4/11/2026,202.71,45.42,Spend40_Save20,Yes,25.42,45-59,Business,2,Accepted,N/A,Medium
4/11/2026,145.39,15.54,Spend40_Save20,Yes,-4.46,30-44,Family,3,Accepted,N/A,High
4/11/2026,171.28,22.56,Spend40_Save20,Yes,2.56,18-29,Family,4+,Accepted,N/A,High
4/11/2026,89.85,4.23,Spend40_Save20,Yes,-15.77,18-29,Couple,2,Declined,Language Barrier,High
4/11/2026,46.95,6.07,Spend40_Save20,Yes,-13.93,45-59,Individual,1,Declined,Infrequent Shopper,Medium
4/11/2026,179.87,8.95,Spend40_Save20,Yes,-11.05,45-59,Business,3,Accepted,N/A,High
4/11/2026,143.21,6.66,Spend40_Save20,Yes,-13.34,60+,Couple,2,Declined,Infrequent Shopper,High
4/11/2026,24.68,32,Spend40_Save20,No,32,30-44,Couple,2,Not_Presented,N/A,Low
4/11/2026,107.05,11.84,Spend40_Save20,Yes,-8.16,30-44,Business,3,Accepted,N/A,High
4/11/2026,135.38,21.47,Spend40_Save20,Yes,1.47,60+,Family,3,Accepted,N/A,High
4/11/2026,43.31,28.3,Spend40_Save20,Yes,8.3,18-29,Family,4+,Accepted,N/A,Medium
4/11/2026,76.05,21.28,Spend40_Save20,Yes,1.28,30-44,Family,3,Accepted,N/A,Medium
4/11/2026,39.45,31.19,Spend40_Save20,No,31.19,45-59,Individual,1,Not_Presented,N/A,Low
4/11/2026,156.38,43,Spend40_Save20,Yes,23,60+,Family,3,Accepted,N/A,Medium
4/12/2026,112.93,23.71,Spend40_Save20,Yes,3.71,45-59,Family,4+,Accepted,N/A,High
4/12/2026,72.85,11.7,Spend40_Save20,Yes,-8.3,60+,Individual,1,Accepted,N/A,High
4/12/2026,45.29,44.04,Spend40_Save20,Yes,24.04,30-44,Couple,2,Declined,Price Concern,Low
4/12/2026,40.74,3.04,Spend40_Save20,Yes,-16.96,30-44,Individual,1,Accepted,N/A,Medium
4/12/2026,62.59,32.25,Spend40_Save20,Yes,12.25,45-59,Couple,2,Declined,Infrequent Shopper,Medium
4/12/2026,16.81,6.42,Spend40_Save20,No,6.42,60+,Individual,1,Not_Presented,N/A,Medium
4/12/2026,49.02,4.76,Spend40_Save20,Yes,-15.24,30-44,Family,4+,Declined,Doesn't Want Renewal Fee,Medium
4/12/2026,44.49,5.09,Spend40_Save20,Yes,-14.91,30-44,Individual,1,Accepted,N/A,Medium
4/12/2026,44.37,4.21,Spend40_Save20,Yes,-15.79,45-59,Individual,1,Declined,Other,Medium
4/12/2026,45.79,15.78,Spend40_Save20,Yes,-4.22,60+,Individual,1,Declined,Doesn't Want Renewal Fee,Medium
4/12/2026,44,41.12,Spend40_Save20,Yes,21.12,30-44,Couple,2,Declined,Infrequent Shopper,Low
4/12/2026,147.8,31.57,Spend40_Save20,Yes,11.57,30-44,Family,3,Accepted,N/A,High
4/12/2026,142.42,25.06,Spend40_Save20,Yes,5.06,45-59,Family,3,Declined,Other,High
4/13/2026,581.08,16.89,Spend40_Save20,Yes,-3.11,30-44,Family,3,Declined,Infrequent Shopper,High
4/13/2026,48.62,19.94,Spend40_Save20,Yes,-0.06,30-44,Couple,2,Accepted,N/A,Medium
4/13/2026,49.38,10.93,Spend40_Save20,Yes,-9.07,30-44,Individual,1,Accepted,N/A,Medium
4/13/2026,153.02,23.54,Spend40_Save20,Yes,3.54,18-29,Family,3,Accepted,N/A,High
4/13/2026,215.39,7.38,Spend40_Save20,Yes,-12.62,45-59,Business,1,Accepted,N/A,High
4/13/2026,127.95,34.13,Spend40_Save20,Yes,14.13,60+,Couple,2,Declined,Infrequent Shopper,High
4/13/2026,15.85,18.73,Spend40_Save20,No,18.73,45-59,Couple,2,Not_Presented,N/A,Medium
4/13/2026,187.14,51.61,Spend40_Save20,Yes,31.61,45-59,Family,4+,Declined,Price Concern,Medium
4/13/2026,30.93,47.08,Spend40_Save20,No,47.08,45-59,Couple,2,Not_Presented,N/A,Low
4/14/2026,130.9,41.27,Spend40_Save20,Yes,21.27,45-59,Family,3,Declined,Lack of Premium Knowledge,Medium
4/14/2026,27.34,58.25,Spend40_Save20,No,58.25,30-44,Individual,1,Not_Presented,N/A,Low
4/14/2026,61.52,9.72,Spend40_Save20,Yes,-10.28,30-44,Couple,2,Accepted,N/A,High
4/14/2026,283.77,18.92,Spend40_Save20,Yes,-1.08,30-44,Business,1,Accepted,N/A,High
4/14/2026,105.8,35.41,Spend40_Save20,Yes,15.41,18-29,Business,3,Declined,Infrequent Shopper,High
4/14/2026,47.27,41.66,Spend40_Save20,Yes,21.66,45-59,Individual,1,Accepted,N/A,Low
4/14/2026,25.3,51.61,Spend40_Save20,No,51.61,18-29,Individual,1,Not_Presented,N/A,Low
4/14/2026,133.27,2.57,Spend40_Save20,Yes,-17.43,18-29,Family,3,Declined,Lack of Premium Knowledge,High
4/14/2026,42.75,12.2,Spend40_Save20,Yes,-7.8,45-59,Couple,2,Accepted,N/A,Medium
4/14/2026,66.25,9.85,Spend40_Save20,Yes,-10.15,60+,Family,4+,Declined,Infrequent Shopper,High
4/14/2026,263.51,28.1,Spend40_Save20,Yes,8.1,45-59,Business,2,Declined,Lack of Premium Knowledge,High
4/14/2026,272.2,23.5,Spend40_Save20,Yes,3.5,18-29,Business,1,Accepted,N/A,High
4/14/2026,62.3,28.54,Spend40_Save20,Yes,8.54,18-29,Family,3,Declined,Infrequent Shopper,Medium
4/14/2026,101.15,3.05,Spend40_Save20,Yes,-16.95,45-59,Family,3,Accepted,N/A,High
4/15/2026,95.21,7.75,Spend40_Save20,Yes,-12.25,30-44,Couple,2,Declined,Infrequent Shopper,High
4/15/2026,85.2,13.65,Spend40_Save20,Yes,-6.35,18-29,Couple,2,Declined,Language Barrier,High
4/15/2026,139.54,45.46,Spend40_Save20,Yes,25.46,18-29,Business,1,Accepted,N/A,Medium
4/15/2026,291.89,22.55,Spend40_Save20,Yes,2.55,18-29,Business,2,Accepted,N/A,High
4/15/2026,88.74,4.37,Spend40_Save20,Yes,-15.63,18-29,Family,3,Declined,Infrequent Shopper,High
4/15/2026,55.18,4.09,Spend40_Save20,Yes,-15.91,30-44,Couple,2,Declined,Other,High
4/15/2026,46.95,26.52,Spend40_Save20,Yes,6.52,30-44,Couple,2,Accepted,N/A,Medium
4/15/2026,229.79,15.03,Spend40_Save20,Yes,-4.97,30-44,Business,3,Accepted,N/A,High
4/15/2026,157.48,37.65,Spend40_Save20,Yes,17.65,18-29,Family,3,Declined,Language Barrier,High
4/15/2026,40.54,5.7,Spend40_Save20,Yes,-14.3,60+,Individual,1,Declined,Language Barrier,Medium
4/15/2026,48.56,5.78,Spend40_Save20,Yes,-14.22,45-59,Couple,2,Declined,Other,Medium
4/15/2026,63.58,17.27,Spend40_Save20,Yes,-2.73,60+,Couple,2,Declined,Lack of Premium Knowledge,High
4/15/2026,169.12,56.84,Spend40_Save20,Yes,36.84,45-59,Family,3,Accepted,N/A,Medium
4/15/2026,95.56,16.02,Spend40_Save20,Yes,-3.98,18-29,Couple,2,Accepted,N/A,High
4/16/2026,59,48.15,Spend40_Save20,Yes,28.15,18-29,Family,4+,Accepted,N/A,Medium
4/16/2026,48.59,33.42,Spend40_Save20,Yes,13.42,60+,Couple,2,Accepted,N/A,Medium
4/16/2026,106.32,58.77,Spend40_Save20,Yes,38.77,18-29,Family,3,Declined,Lack of Premium Knowledge,Medium
4/16/2026,64.64,31.56,Spend40_Save20,Yes,11.56,30-44,Couple,2,Declined,Infrequent Shopper,Medium
4/16/2026,75.64,9.16,Spend40_Save20,Yes,-10.84,45-59,Couple,2,Accepted,N/A,High
4/16/2026,47.97,4.67,Spend40_Save20,Yes,-15.33,18-29,Family,4+,Declined,Not Account Owner,Medium
4/16/2026,199.35,29.39,Spend40_Save20,Yes,9.39,45-59,Couple,2,Accepted,N/A,High
4/16/2026,174.7,12.59,Spend40_Save20,Yes,-7.41,45-59,Family,3,Declined,Not Account Owner,High
4/16/2026,43.32,2.1,Spend40_Save20,Yes,-17.9,18-29,Family,4+,Declined,Language Barrier,Medium
4/16/2026,158.59,46.35,Spend40_Save20,Yes,26.35,30-44,Family,4+,Declined,Infrequent Shopper,Medium
4/16/2026,310.25,33.15,Spend40_Save20,Yes,13.15,45-59,Family,3,Declined,Not Account Owner,High
4/16/2026,167.87,22.69,Spend40_Save20,Yes,2.69,45-59,Family,4+,Accepted,N/A,High
4/17/2026,42.85,36.06,Spend40_Save20,Yes,16.06,30-44,Couple,2,Declined,Infrequent Shopper,Medium
4/17/2026,25.23,3.62,Spend40_Save20,No,3.62,30-44,Individual,1,Not_Presented,N/A,Medium
4/17/2026,49.92,26.34,Spend40_Save20,Yes,6.34,60+,Couple,2,Declined,Other,Medium
4/17/2026,91.83,15.18,Spend40_Save20,Yes,-4.82,30-44,Couple,2,Declined,Infrequent Shopper,High
4/17/2026,257.9,22.96,Spend40_Save20,Yes,2.96,45-59,Business,2,Accepted,N/A,High
4/17/2026,89.23,4.86,Spend40_Save20,Yes,-15.14,18-29,Individual,1,Accepted,N/A,High
4/17/2026,46.05,24.27,Spend40_Save20,Yes,4.27,60+,Individual,1,Declined,Other,Medium
4/17/2026,57.82,12.78,Spend40_Save20,Yes,-7.22,18-29,Couple,2,Accepted,N/A,High
4/17/2026,285.61,2.14,Spend40_Save20,Yes,-17.86,30-44,Family,4+,Accepted,N/A,High
4/17/2026,103.98,22.27,Spend40_Save20,Yes,2.27,30-44,Family,3,Accepted,N/A,High
4/17/2026,43.66,18.36,Spend40_Save20,Yes,-1.64,30-44,Couple,2,Declined,Language Barrier,Medium
4/17/2026,343.59,16.85,Spend40_Save20,Yes,-3.15,30-44,Business,2,Accepted,N/A,High
4/17/2026,197.28,5.89,Spend40_Save20,Yes,-14.11,30-44,Family,3,Accepted,N/A,High
4/18/2026,54.69,39.07,Spend40_Save20,Yes,19.07,18-29,Couple,2,Declined,Infrequent Shopper,Medium
4/18/2026,64.57,13.81,Spend40_Save20,Yes,-6.19,30-44,Individual,1,Accepted,N/A,High
4/18/2026,140.25,34.57,Spend40_Save20,Yes,14.57,30-44,Family,3,Declined,Price Concern,High
4/18/2026,41.57,6.33,Spend40_Save20,Yes,-13.67,45-59,Individual,1,Declined,Infrequent Shopper,Medium
4/18/2026,42.28,27.03,Spend40_Save20,Yes,7.03,45-59,Family,4+,Declined,Price Concern,Medium
4/18/2026,365.66,46.69,Spend40_Save20,Yes,26.69,30-44,Business,2,Accepted,N/A,Medium
4/18/2026,70.68,31.76,Spend40_Save20,Yes,11.76,60+,Family,3,Declined,Infrequent Shopper,Medium
4/18/2026,44.82,11.84,Spend40_Save20,Yes,-8.16,60+,Individual,1,Accepted,N/A,Medium
4/18/2026,203.33,24.9,Spend40_Save20,Yes,4.9,45-59,Business,2,Accepted,N/A,High
4/18/2026,48.36,44.69,Spend40_Save20,Yes,24.69,45-59,Individual,1,Declined,Infrequent Shopper,Low
4/19/2026,61.29,7.52,Spend40_Save20,Yes,-12.48,18-29,Family,4+,Accepted,N/A,High
4/19/2026,57.4,14.25,Spend40_Save20,Yes,-5.75,30-44,Individual,1,Declined,Other,High
4/19/2026,67.15,41.86,Spend40_Save20,Yes,21.86,18-29,Couple,2,Declined,Not Account Owner,Medium
4/19/2026,85.15,28.63,Spend40_Save20,Yes,8.63,30-44,Couple,2,Declined,Doesn't Want Renewal Fee,Medium
4/19/2026,108.86,8.4,Spend40_Save20,Yes,-11.6,30-44,Family,4+,Accepted,N/A,High
4/19/2026,45.11,30.18,Spend40_Save20,Yes,10.18,18-29,Individual,1,Declined,Other,Medium
4/19/2026,127.05,2.74,Spend40_Save20,Yes,-17.26,60+,Family,4+,Accepted,N/A,High
4/19/2026,20.34,18.24,Spend40_Save20,No,18.24,60+,Individual,1,Not_Presented,N/A,Medium
4/19/2026,46.42,31.98,Spend40_Save20,Yes,11.98,18-29,Individual,1,Accepted,N/A,Medium
4/19/2026,43.3,47.55,Spend40_Save20,Yes,27.55,60+,Family,3,Accepted,N/A,Low
4/19/2026,40.26,6.25,Spend40_Save20,Yes,-13.75,60+,Individual,1,Accepted,N/A,Medium
4/19/2026,43.87,28.94,Spend40_Save20,Yes,8.94,18-29,Individual,1,Declined,Doesn't Want Renewal Fee,Medium
4/20/2026,91.01,9.65,Spend40_Save20,Yes,-10.35,30-44,Business,3,Accepted,N/A,High
4/20/2026,36.78,19.3,Spend40_Save20,No,19.3,30-44,Individual,1,Not_Presented,N/A,Medium
4/20/2026,507.47,3.02,Spend40_Save20,Yes,-16.98,60+,Business,1,Accepted,N/A,High
4/20/2026,154.71,21.92,Spend40_Save20,Yes,1.92,45-59,Couple,2,Declined,Infrequent Shopper,High
4/20/2026,46.46,13.56,Spend40_Save20,Yes,-6.44,45-59,Individual,1,Declined,Infrequent Shopper,Medium
4/20/2026,44.1,18.18,Spend40_Save20,Yes,-1.82,30-44,Couple,2,Accepted,N/A,Medium
4/20/2026,239.41,31.14,Spend40_Save20,Yes,11.14,45-59,Business,3,Accepted,N/A,High
4/20/2026,235.38,25.13,Spend40_Save20,Yes,5.13,45-59,Business,2,Accepted,N/A,High
4/20/2026,49.66,47.01,Spend40_Save20,Yes,27.01,45-59,Individual,1,Declined,Lack of Premium Knowledge,Low
4/20/2026,251.76,12.59,Spend40_Save20,Yes,-7.41,45-59,Business,1,Accepted,N/A,High
4/20/2026,93.47,32.32,Spend40_Save20,Yes,12.32,30-44,Individual,1,Accepted,N/A,Medium
4/21/2026,199.17,7.86,Spend40_Save20,Yes,-12.14,30-44,Couple,2,Accepted,N/A,High
4/21/2026,40.74,2.15,Spend40_Save20,Yes,-17.85,30-44,Family,4+,Accepted,N/A,Medium
4/21/2026,124.33,19.6,Spend40_Save20,Yes,-0.4,30-44,Business,3,Accepted,N/A,High
4/21/2026,463,15.31,Spend40_Save20,Yes,-4.69,45-59,Business,2,Accepted,N/A,High
4/21/2026,42.08,34.07,Spend40_Save20,Yes,14.07,45-59,Individual,1,Declined,Other,Medium
4/21/2026,146.16,6.72,Spend40_Save20,Yes,-13.28,30-44,Family,3,Declined,Infrequent Shopper,High
4/21/2026,46.3,40.02,Spend40_Save20,Yes,20.02,30-44,Individual,1,Accepted,N/A,Low
4/21/2026,95.19,44.71,Spend40_Save20,Yes,24.71,30-44,Individual,1,Declined,Infrequent Shopper,Medium
4/21/2026,41.96,17.79,Spend40_Save20,Yes,-2.21,30-44,Family,3,Accepted,N/A,Medium
4/21/2026,198.86,44.73,Spend40_Save20,Yes,24.73,18-29,Family,4+,Accepted,N/A,Medium
4/21/2026,99.35,31.47,Spend40_Save20,Yes,11.47,45-59,Family,4+,Declined,Not Account Owner,Medium
4/22/2026,85.08,12.98,Spend40_Save20,Yes,-7.02,30-44,Individual,1,Accepted,N/A,High
4/22/2026,102.25,8.13,Spend40_Save20,Yes,-11.87,45-59,Family,3,Accepted,N/A,High
4/22/2026,45.17,45.56,Spend40_Save20,Yes,25.56,18-29,Individual,1,Declined,Lack of Premium Knowledge,Low
4/22/2026,47.55,31.07,Spend40_Save20,Yes,11.07,45-59,Individual,1,Declined,Language Barrier,Medium
4/22/2026,116.82,44.35,Spend40_Save20,Yes,24.35,30-44,Couple,2,Accepted,N/A,Medium
4/22/2026,49.43,10.58,Spend40_Save20,Yes,-9.42,45-59,Family,3,Declined,Doesn't Want Renewal Fee,Medium
4/22/2026,102.21,31.25,Spend40_Save20,Yes,11.25,60+,Business,2,Accepted,N/A,High
4/22/2026,252.09,16.05,Spend40_Save20,Yes,-3.95,45-59,Business,1,Accepted,N/A,High
4/22/2026,77.2,21.94,Spend40_Save20,Yes,1.94,60+,Couple,2,Accepted,N/A,Medium
4/22/2026,59.78,12.88,Spend40_Save20,Yes,-7.12,60+,Individual,1,Declined,Infrequent Shopper,High
4/22/2026,157.08,50.73,Spend40_Save20,Yes,30.73,60+,Family,4+,Accepted,N/A,Medium
4/23/2026,42.06,30.77,Spend40_Save20,Yes,10.77,60+,Family,3,Declined,Not Account Owner,Medium
4/23/2026,128.49,48.64,Spend40_Save20,Yes,28.64,45-59,Family,4+,Declined,Not Account Owner,Medium
4/23/2026,81.89,59.55,Spend40_Save20,Yes,39.55,18-29,Family,3,Accepted,N/A,Medium
4/23/2026,69.91,7.74,Spend40_Save20,Yes,-12.26,45-59,Individual,1,Accepted,N/A,High
4/23/2026,292.3,17.65,Spend40_Save20,Yes,-2.35,18-29,Business,2,Accepted,N/A,High
4/23/2026,102.87,29.09,Spend40_Save20,Yes,9.09,45-59,Business,3,Accepted,N/A,High
4/23/2026,35.69,9.31,Spend40_Save20,No,9.31,30-44,Individual,1,Not_Presented,N/A,Medium
4/23/2026,88.41,20.63,Spend40_Save20,Yes,0.63,60+,Family,3,Accepted,N/A,Medium
4/23/2026,67.54,40.31,Spend40_Save20,Yes,20.31,45-59,Couple,2,Declined,Infrequent Shopper,Medium
4/23/2026,187.92,16.47,Spend40_Save20,Yes,-3.53,45-59,Family,4+,Declined,Lack of Premium Knowledge,High
4/23/2026,135.24,2.28,Spend40_Save20,Yes,-17.72,18-29,Couple,2,Accepted,N/A,High
4/23/2026,8.43,9.99,Spend40_Save20,No,9.99,60+,Individual,1,Not_Presented,N/A,Medium
4/23/2026,97.07,29.44,Spend40_Save20,Yes,9.44,30-44,Family,3,Accepted,N/A,Medium
4/23/2026,177.94,20.26,Spend40_Save20,Yes,0.26,30-44,Family,3,Accepted,N/A,High
4/24/2026,41.38,53.47,Spend40_Save20,Yes,33.47,45-59,Couple,2,Accepted,N/A,Low
4/24/2026,180.44,37.09,Spend40_Save20,Yes,17.09,30-44,Couple,2,Declined,Not Account Owner,High
4/24/2026,41.25,2.63,Spend40_Save20,Yes,-17.37,60+,Family,3,Declined,Lack of Premium Knowledge,Medium
4/24/2026,273.2,33.05,Spend40_Save20,Yes,13.05,60+,Business,1,Declined,Price Concern,High
4/24/2026,47.41,39.51,Spend40_Save20,Yes,19.51,18-29,Individual,1,Declined,Infrequent Shopper,Medium
4/24/2026,41.35,47.34,Spend40_Save20,Yes,27.34,30-44,Family,4+,Declined,Not Account Owner,Low
4/24/2026,70.31,23.47,Spend40_Save20,Yes,3.47,45-59,Couple,2,Accepted,N/A,Medium
4/24/2026,93.94,52.29,Spend40_Save20,Yes,32.29,60+,Couple,2,Declined,Lack of Premium Knowledge,Medium
4/24/2026,41.21,25.96,Spend40_Save20,Yes,5.96,18-29,Individual,1,Declined,Infrequent Shopper,Medium
4/24/2026,46.16,33.74,Spend40_Save20,Yes,13.74,18-29,Family,3,Declined,Price Concern,Medium
4/24/2026,82.29,27.55,Spend40_Save20,Yes,7.55,18-29,Family,3,Accepted,N/A,Medium
4/24/2026,14.24,36.34,Spend40_Save20,No,36.34,30-44,Couple,2,Not_Presented,N/A,Low
4/24/2026,43.05,14.6,Spend40_Save20,Yes,-5.4,30-44,Individual,1,Accepted,N/A,Medium
4/24/2026,239.3,28.76,Spend40_Save20,Yes,8.76,45-59,Business,2,Accepted,N/A,High
4/24/2026,313.92,21.21,Spend40_Save20,Yes,1.21,60+,Business,3,Accepted,N/A,High
4/25/2026,163.64,3.22,No_Promotion,N/A,3.22,45-59,Family,3,Accepted,N/A,High
4/25/2026,178.3,30.27,No_Promotion,N/A,30.27,45-59,Family,3,Declined,Basket Below Promotion Threshold,Medium
4/25/2026,296.81,34.24,No_Promotion,N/A,34.24,45-59,Business,2,Declined,Not Account Owner,Medium
4/26/2026,260.3,41.23,No_Promotion,N/A,41.23,45-59,Business,3,Declined,Doesn't Want Renewal Fee,Medium
4/26/2026,29.2,6.29,No_Promotion,N/A,6.29,18-29,Individual,1,Declined,Basket Below Promotion Threshold,Medium
4/26/2026,18.87,9.64,No_Promotion,N/A,9.64,45-59,Individual,1,Accepted,N/A,Medium
4/26/2026,38.21,23.92,No_Promotion,N/A,23.92,60+,Individual,1,Declined,Basket Below Promotion Threshold,Low
4/27/2026,31.89,10.2,No_Promotion,N/A,10.2,60+,Individual,1,Accepted,N/A,Medium
4/27/2026,38.34,24.24,No_Promotion,N/A,24.24,45-59,Individual,1,Declined,Basket Below Promotion Threshold,Low
4/27/2026,17,41.75,No_Promotion,N/A,41.75,30-44,Individual,1,Declined,Basket Below Promotion Threshold,Low
4/27/2026,184.31,31.88,No_Promotion,N/A,31.88,45-59,Couple,2,Accepted,N/A,Medium
4/28/2026,207.25,59.06,No_Promotion,N/A,59.06,60+,Family,3,Declined,Basket Below Promotion Threshold,Medium
4/28/2026,72.6,7.13,No_Promotion,N/A,7.13,18-29,Individual,1,Declined,Language Barrier,Medium
4/29/2026,27.71,18.94,No_Promotion,N/A,18.94,60+,Family,3,Accepted,N/A,Medium
4/29/2026,66.29,30.57,No_Promotion,N/A,30.57,30-44,Individual,1,Accepted,N/A,Medium
4/29/2026,193.25,30.11,No_Promotion,N/A,30.11,30-44,Family,4+,Accepted,N/A,Medium
4/30/2026,29.53,16.34,No_Promotion,N/A,16.34,30-44,Individual,1,Accepted,N/A,Medium
4/30/2026,10.19,32.81,No_Promotion,N/A,32.81,18-29,Family,3,Accepted,N/A,Low
4/30/2026,6.91,3.58,No_Promotion,N/A,3.58,30-44,Individual,1,Accepted,N/A,Medium
4/30/2026,99.76,12.9,No_Promotion,N/A,12.9,45-59,Couple,2,Declined,Basket Below Promotion Threshold,Medium
5/1/2026,72.8,15.66,Spend20_Save10,Yes,5.66,18-29,Family,4+,Accepted,N/A,High
5/1/2026,51.09,8.18,Spend20_Save10,Yes,-1.82,18-29,Couple,2,Accepted,N/A,High
5/1/2026,60.01,34.29,Spend20_Save10,Yes,24.29,18-29,Family,4+,Accepted,N/A,Medium
5/1/2026,5.47,16.49,Spend20_Save10,No,16.49,45-59,Individual,1,Not_Presented,N/A,Medium
5/1/2026,5.25,21.26,Spend20_Save10,No,21.26,30-44,Individual,1,Not_Presented,N/A,Low
5/1/2026,98.82,30.07,Spend20_Save10,Yes,20.07,60+,Family,3,Declined,Doesn't Want Renewal Fee,Medium
5/1/2026,76.73,37.11,Spend20_Save10,Yes,27.11,60+,Family,3,Accepted,N/A,Medium
5/1/2026,8.07,49.67,Spend20_Save10,No,49.67,30-44,Individual,1,Not_Presented,N/A,Low
5/2/2026,51.43,34.31,Spend20_Save10,Yes,24.31,18-29,Individual,1,Declined,Lack of Premium Knowledge,Medium
5/2/2026,58.53,4.68,Spend20_Save10,Yes,-5.32,30-44,Individual,1,Accepted,N/A,High
5/2/2026,71.23,30.9,Spend20_Save10,Yes,20.9,45-59,Couple,2,Declined,Not Account Owner,Medium
5/2/2026,49.63,12.08,Spend20_Save10,Yes,2.08,30-44,Individual,1,Accepted,N/A,Medium
5/2/2026,85.95,32.26,Spend20_Save10,Yes,22.26,30-44,Couple,2,Declined,Not Account Owner,Medium
5/2/2026,34.58,16.59,Spend20_Save10,Yes,6.59,30-44,Couple,2,Accepted,N/A,Medium
5/2/2026,463.75,18.57,Spend20_Save10,Yes,8.57,30-44,Business,3,Accepted,N/A,High
5/3/2026,19.87,9.85,Spend20_Save10,No,9.85,18-29,Individual,1,Not_Presented,N/A,Medium
5/3/2026,74.17,21.36,Spend20_Save10,Yes,11.36,45-59,Family,3,Declined,Lack of Premium Knowledge,Medium
5/3/2026,35.34,14.12,Spend20_Save10,Yes,4.12,30-44,Couple,2,Declined,Infrequent Shopper,Medium
5/3/2026,49.06,32.06,Spend20_Save10,Yes,22.06,30-44,Couple,2,Accepted,N/A,Medium
5/3/2026,5.09,12.95,Spend20_Save10,No,12.95,30-44,Couple,2,Not_Presented,N/A,Medium
5/3/2026,53.56,18.36,Spend20_Save10,Yes,8.36,45-59,Family,3,Declined,Not Account Owner,High
5/3/2026,32.71,26.68,Spend20_Save10,Yes,16.68,45-59,Family,4+,Accepted,N/A,Medium
5/3/2026,114.65,9.42,Spend20_Save10,Yes,-0.58,45-59,Business,1,Accepted,N/A,High
5/4/2026,527.98,35.5,Spend20_Save10,Yes,25.5,60+,Business,2,Accepted,N/A,High
5/4/2026,78.84,8.42,Spend20_Save10,Yes,-1.58,45-59,Couple,2,Declined,Infrequent Shopper,High
5/4/2026,254.48,33.32,Spend20_Save10,Yes,23.32,45-59,Family,4+,Accepted,N/A,High
5/4/2026,113.06,53.88,Spend20_Save10,Yes,43.88,30-44,Couple,2,Accepted,N/A,Medium
5/4/2026,69.74,25.27,Spend20_Save10,Yes,15.27,18-29,Family,3,Declined,Price Concern,Medium
5/4/2026,132.67,10.8,Spend20_Save10,Yes,0.8,45-59,Couple,2,Declined,Infrequent Shopper,High
5/5/2026,185.88,24.51,Spend20_Save10,Yes,14.51,60+,Business,3,Declined,Infrequent Shopper,High
5/5/2026,88.1,28.93,Spend20_Save10,Yes,18.93,60+,Business,1,Declined,Other,Medium
5/5/2026,28.71,56.48,Spend20_Save10,Yes,46.48,30-44,Couple,2,Declined,Lack of Premium Knowledge,Low
5/5/2026,38.82,30.08,Spend20_Save10,Yes,20.08,45-59,Family,3,Declined,Infrequent Shopper,Medium
5/5/2026,69.66,11.07,Spend20_Save10,Yes,1.07,30-44,Couple,2,Declined,Lack of Premium Knowledge,High
5/5/2026,50.73,26.91,Spend20_Save10,Yes,16.91,18-29,Couple,2,Declined,Price Concern,Medium
5/6/2026,78.86,41.11,Spend20_Save10,Yes,31.11,60+,Individual,1,Declined,Infrequent Shopper,Medium
5/6/2026,132.37,29.66,Spend20_Save10,Yes,19.66,45-59,Family,3,Accepted,N/A,High
5/6/2026,26.84,13.12,Spend20_Save10,Yes,3.12,30-44,Individual,1,Accepted,N/A,Medium
5/6/2026,20.29,32.58,Spend20_Save10,Yes,22.58,30-44,Individual,1,Declined,Doesn't Want Renewal Fee,Medium
5/6/2026,37.77,26.91,Spend20_Save10,Yes,16.91,45-59,Couple,2,Declined,Lack of Premium Knowledge,Medium
5/6/2026,93.95,12.8,Spend20_Save10,Yes,2.8,60+,Individual,1,Accepted,N/A,High
5/6/2026,47.29,24.76,Spend20_Save10,Yes,14.76,30-44,Couple,2,Accepted,N/A,Medium
5/6/2026,135.69,46.84,Spend20_Save10,Yes,36.84,18-29,Family,3,Declined,Infrequent Shopper,Medium
5/6/2026,79.05,34.78,Spend20_Save10,Yes,24.78,45-59,Couple,2,Accepted,N/A,Medium
5/7/2026,55.13,20.98,Spend20_Save10,Yes,10.98,45-59,Couple,2,Accepted,N/A,Medium
5/7/2026,70.65,47.56,Spend20_Save10,Yes,37.56,45-59,Couple,2,Accepted,N/A,Medium
5/7/2026,165.77,49.8,Spend20_Save10,Yes,39.8,30-44,Business,2,Declined,Not Account Owner,Medium
5/7/2026,114.68,8.86,Spend20_Save10,Yes,-1.14,45-59,Family,3,Accepted,N/A,High
5/7/2026,94.35,11.97,Spend20_Save10,Yes,1.97,30-44,Couple,2,Declined,Infrequent Shopper,High
5/7/2026,23.78,7.08,Spend20_Save10,Yes,-2.92,60+,Individual,1,Declined,Not Account Owner,Medium
5/7/2026,36.17,39.72,Spend20_Save10,Yes,29.72,60+,Individual,1,Declined,Other,Medium
5/7/2026,137.51,22.22,Spend20_Save10,Yes,12.22,18-29,Family,4+,Accepted,N/A,High
5/7/2026,101.09,7.15,Spend20_Save10,Yes,-2.85,45-59,Family,3,Accepted,N/A,High
5/8/2026,55.28,51.61,No_Promotion,N/A,51.61,45-59,Individual,1,Declined,Infrequent Shopper,Low
5/8/2026,42.3,9.57,No_Promotion,N/A,9.57,30-44,Couple,2,Accepted,N/A,Medium
5/8/2026,62.09,9.43,No_Promotion,N/A,9.43,18-29,Family,3,Accepted,N/A,Medium
5/8/2026,46.33,14.6,No_Promotion,N/A,14.6,30-44,Couple,2,Accepted,N/A,Medium
5/9/2026,20.42,2.14,No_Promotion,N/A,2.14,45-59,Individual,1,Accepted,N/A,Medium
5/9/2026,43.77,18.29,No_Promotion,N/A,18.29,18-29,Couple,2,Declined,Not Account Owner,Medium
5/9/2026,199.14,16.42,No_Promotion,N/A,16.42,30-44,Business,3,Declined,Basket Below Promotion Threshold,High
5/9/2026,78.05,16.13,No_Promotion,N/A,16.13,45-59,Family,4+,Accepted,N/A,Medium
5/9/2026,32.87,10.69,No_Promotion,N/A,10.69,18-29,Couple,2,Declined,Basket Below Promotion Threshold,Medium
5/10/2026,26.06,46.03,No_Promotion,N/A,46.03,30-44,Individual,1,Declined,Not Account Owner,Low
5/10/2026,18.07,25.43,No_Promotion,N/A,25.43,30-44,Individual,1,Declined,Price Concern,Low
5/10/2026,224.41,26.51,No_Promotion,N/A,26.51,30-44,Business,1,Accepted,N/A,Medium
5/10/2026,71.83,16.66,No_Promotion,N/A,16.66,30-44,Couple,2,Declined,Language Barrier,Medium
5/11/2026,169,47.31,No_Promotion,N/A,47.31,60+,Family,4+,Declined,Lack of Premium Knowledge,Medium
5/11/2026,51.05,40.16,No_Promotion,N/A,40.16,60+,Couple,2,Declined,Price Concern,Low
5/11/2026,58.83,35.28,No_Promotion,N/A,35.28,30-44,Couple,2,Declined,Basket Below Promotion Threshold,Medium
5/11/2026,69.18,45.57,No_Promotion,N/A,45.57,30-44,Family,4+,Declined,Infrequent Shopper,Low
5/12/2026,229.52,7.09,No_Promotion,N/A,7.09,45-59,Family,3,Accepted,N/A,High
5/12/2026,41.06,4.97,No_Promotion,N/A,4.97,30-44,Individual,1,Accepted,N/A,Medium
5/12/2026,63,14.35,No_Promotion,N/A,14.35,45-59,Individual,1,Accepted,N/A,Medium
5/12/2026,299.32,19.94,No_Promotion,N/A,19.94,60+,Business,3,Accepted,N/A,High
5/13/2026,55.14,43.96,No_Promotion,N/A,43.96,30-44,Individual,1,Declined,Language Barrier,Low
5/13/2026,58.73,11.48,No_Promotion,N/A,11.48,18-29,Individual,1,Declined,Basket Below Promotion Threshold,Medium
5/13/2026,32.2,27.42,No_Promotion,N/A,27.42,45-59,Family,4+,Declined,Basket Below Promotion Threshold,Low
5/13/2026,185.59,19.67,No_Promotion,N/A,19.67,30-44,Business,2,Accepted,N/A,High
5/14/2026,326.09,47.73,No_Promotion,N/A,47.73,60+,Business,1,Declined,Infrequent Shopper,Medium
5/14/2026,31.36,25.5,No_Promotion,N/A,25.5,18-29,Individual,1,Declined,Infrequent Shopper,Low
5/15/2026,20.93,37.76,No_Promotion,N/A,37.76,30-44,Couple,2,Declined,Basket Below Promotion Threshold,Low
5/15/2026,34.19,16.31,No_Promotion,N/A,16.31,30-44,Individual,1,Accepted,N/A,Medium
5/16/2026,335.23,47.37,No_Promotion,N/A,47.37,60+,Business,2,Declined,Lack of Premium Knowledge,Medium
5/16/2026,149.57,30.24,No_Promotion,N/A,30.24,60+,Business,1,Declined,Price Concern,Medium
5/16/2026,28.77,47.79,No_Promotion,N/A,47.79,30-44,Individual,1,Declined,Other,Low
5/16/2026,18.1,52.68,No_Promotion,N/A,52.68,30-44,Individual,1,Accepted,N/A,Low
5/16/2026,41.03,27.11,No_Promotion,N/A,27.11,18-29,Couple,2,Declined,Infrequent Shopper,Low
5/17/2026,8.5,18.13,No_Promotion,N/A,18.13,45-59,Individual,1,Declined,Basket Below Promotion Threshold,Medium
5/17/2026,196.29,31.02,No_Promotion,N/A,31.02,18-29,Family,3,Accepted,N/A,Medium
5/17/2026,73.52,14.69,No_Promotion,N/A,14.69,30-44,Family,4+,Accepted,N/A,Medium
5/17/2026,91.49,19.73,No_Promotion,N/A,19.73,30-44,Family,4+,Declined,Lack of Premium Knowledge,Medium
5/18/2026,51.11,5.54,No_Promotion,N/A,5.54,30-44,Individual,1,Accepted,N/A,Medium
5/18/2026,39.5,4.19,No_Promotion,N/A,4.19,18-29,Couple,2,Accepted,N/A,Medium
5/18/2026,121.23,36.78,No_Promotion,N/A,36.78,45-59,Family,3,Accepted,N/A,Medium
5/18/2026,112.15,33.08,No_Promotion,N/A,33.08,45-59,Family,3,Declined,Infrequent Shopper,Medium
5/19/2026,85.81,23.72,No_Promotion,N/A,23.72,30-44,Individual,1,Declined,Infrequent Shopper,Medium
5/19/2026,98.75,45.48,No_Promotion,N/A,45.48,18-29,Family,4+,Declined,Doesn't Want Renewal Fee,Low
5/20/2026,29.63,39.84,No_Promotion,N/A,39.84,30-44,Individual,1,Accepted,N/A,Low
5/20/2026,207.81,39.22,No_Promotion,N/A,39.22,45-59,Family,4+,Accepted,N/A,Medium
5/21/2026,86.07,16.11,No_Promotion,N/A,16.11,45-59,Family,4+,Declined,Lack of Premium Knowledge,Medium
5/21/2026,41.87,29.53,No_Promotion,N/A,29.53,45-59,Couple,2,Declined,Price Concern,Low
5/22/2026,63.15,4.4,No_Promotion,N/A,4.4,60+,Couple,2,Declined,Lack of Premium Knowledge,Medium
5/22/2026,167.06,41.21,No_Promotion,N/A,41.21,60+,Couple,2,Declined,Basket Below Promotion Threshold,Medium
5/22/2026,43.31,2.89,No_Promotion,N/A,2.89,45-59,Couple,2,Accepted,N/A,Medium
5/22/2026,86.97,32.22,No_Promotion,N/A,32.22,18-29,Family,3,Accepted,N/A,Medium
5/22/2026,35.91,16.63,No_Promotion,N/A,16.63,30-44,Couple,2,Declined,Price Concern,Medium
5/23/2026,64.6,33.79,No_Promotion,N/A,33.79,30-44,Couple,2,Accepted,N/A,Medium
5/23/2026,131.95,2.91,No_Promotion,N/A,2.91,30-44,Family,4+,Declined,Other,High
5/23/2026,80.8,32.21,No_Promotion,N/A,32.21,30-44,Couple,2,Accepted,N/A,Medium
5/23/2026,110.32,30.06,No_Promotion,N/A,30.06,30-44,Family,3,Declined,Basket Below Promotion Threshold,Medium
5/23/2026,19.35,25.04,No_Promotion,N/A,25.04,45-59,Individual,1,Declined,Lack of Premium Knowledge,Low
5/24/2026,190.34,54.26,No_Promotion,N/A,54.26,45-59,Family,4+,Declined,Doesn't Want Renewal Fee,Medium
5/24/2026,82.26,31.73,No_Promotion,N/A,31.73,30-44,Individual,1,Declined,Price Concern,Medium
5/24/2026,17.81,14.29,No_Promotion,N/A,14.29,60+,Individual,1,Declined,Infrequent Shopper,Medium
5/25/2026,53.76,43.45,No_Promotion,N/A,43.45,45-59,Individual,1,Declined,Basket Below Promotion Threshold,Low
5/25/2026,15.01,33.63,No_Promotion,N/A,33.63,30-44,Individual,1,Declined,Price Concern,Low
5/25/2026,34.86,39.98,No_Promotion,N/A,39.98,60+,Couple,2,Accepted,N/A,Low
5/25/2026,57.18,35.79,No_Promotion,N/A,35.79,30-44,Couple,2,Accepted,N/A,Medium
5/26/2026,101.69,53.29,No_Promotion,N/A,53.29,18-29,Business,3,Accepted,N/A,Medium
5/26/2026,20.8,18.55,No_Promotion,N/A,18.55,60+,Individual,1,Declined,Infrequent Shopper,Medium
5/27/2026,56.66,19.08,No_Promotion,N/A,19.08,30-44,Couple,2,Accepted,N/A,Medium
5/27/2026,325.65,8.99,No_Promotion,N/A,8.99,30-44,Business,3,Accepted,N/A,High
5/27/2026,112.62,31.77,No_Promotion,N/A,31.77,30-44,Family,3,Declined,Infrequent Shopper,Medium
5/27/2026,5.61,16.06,No_Promotion,N/A,16.06,45-59,Individual,1,Declined,Doesn't Want Renewal Fee,Medium
5/27/2026,162.75,16.65,No_Promotion,N/A,16.65,18-29,Family,3,Accepted,N/A,High
5/28/2026,44.44,29,No_Promotion,N/A,29,30-44,Individual,1,Declined,Infrequent Shopper,Low
5/28/2026,7.05,27.51,No_Promotion,N/A,27.51,18-29,Individual,1,Declined,Doesn't Want Renewal Fee,Low
5/28/2026,74.75,19.92,No_Promotion,N/A,19.92,45-59,Couple,2,Declined,Basket Below Promotion Threshold,Medium
5/28/2026,97.66,56.62,No_Promotion,N/A,56.62,45-59,Individual,1,Declined,Basket Below Promotion Threshold,Low
5/29/2026,79.18,9.23,No_Promotion,N/A,9.23,18-29,Family,4+,Declined,Basket Below Promotion Threshold,Medium
5/29/2026,32.68,22.46,No_Promotion,N/A,22.46,30-44,Individual,1,Declined,Not Account Owner,Low
5/29/2026,131.38,10.28,No_Promotion,N/A,10.28,18-29,Family,3,Accepted,N/A,High
5/29/2026,93.76,30.39,No_Promotion,N/A,30.39,18-29,Family,4+,Declined,Lack of Premium Knowledge,Medium
5/29/2026,8.28,15.86,No_Promotion,N/A,15.86,60+,Individual,1,Accepted,N/A,Medium
5/30/2026,163.17,5,No_Promotion,N/A,5,18-29,Family,4+,Declined,Basket Below Promotion Threshold,High
5/30/2026,223.68,21.37,No_Promotion,N/A,21.37,30-44,Business,1,Accepted,N/A,Medium
5/30/2026,81.95,34.66,No_Promotion,N/A,34.66,30-44,Family,3,Declined,Price Concern,Medium
5/30/2026,152.77,16.08,No_Promotion,N/A,16.08,30-44,Family,4+,Declined,Basket Below Promotion Threshold,High
5/30/2026,111.31,34.78,No_Promotion,N/A,34.78,18-29,Family,4+,Declined,Other,Medium
5/31/2026,181.93,45.63,No_Promotion,N/A,45.63,30-44,Family,4+,Declined,Price Concern,Medium
5/31/2026,18.97,46.66,No_Promotion,N/A,46.66,60+,Couple,2,Declined,Infrequent Shopper,Low
5/31/2026,177.95,5.42,No_Promotion,N/A,5.42,30-44,Family,4+,Accepted,N/A,High
6/1/2026,21.88,13.59,Spend20_Save10,Yes,3.59,30-44,Individual,1,Declined,Not Account Owner,Medium
6/1/2026,81.72,38.7,Spend20_Save10,Yes,28.7,45-59,Individual,1,Declined,Other,Medium
6/1/2026,149.87,8.82,Spend20_Save10,Yes,-1.18,18-29,Family,3,Accepted,N/A,High
6/1/2026,43.43,10.04,Spend20_Save10,Yes,0.04,18-29,Individual,1,Accepted,N/A,Medium
6/1/2026,92.05,24.92,Spend20_Save10,Yes,14.92,60+,Family,3,Accepted,N/A,Medium
6/1/2026,337.99,12.98,Spend20_Save10,Yes,2.98,30-44,Business,1,Declined,Price Concern,High
6/1/2026,156.54,4.82,Spend20_Save10,Yes,-5.18,60+,Family,3,Accepted,N/A,High
6/1/2026,88.05,29.97,Spend20_Save10,Yes,19.97,45-59,Individual,1,Declined,Lack of Premium Knowledge,Medium
6/2/2026,19.35,4.25,Spend20_Save10,No,4.25,30-44,Individual,1,Not_Presented,N/A,Medium
6/2/2026,180.37,35.17,Spend20_Save10,Yes,25.17,30-44,Couple,2,Declined,Infrequent Shopper,High
6/2/2026,160.72,16.74,Spend20_Save10,Yes,6.74,45-59,Family,4+,Accepted,N/A,High
6/2/2026,342.19,15.98,Spend20_Save10,Yes,5.98,18-29,Business,1,Declined,Infrequent Shopper,High
6/2/2026,120.46,32.68,Spend20_Save10,Yes,22.68,30-44,Family,3,Accepted,N/A,High
6/2/2026,42.1,33.15,Spend20_Save10,Yes,23.15,18-29,Individual,1,Declined,Price Concern,Medium
6/2/2026,29.09,32.02,Spend20_Save10,Yes,22.02,30-44,Individual,1,Accepted,N/A,Medium
6/2/2026,69.83,47.62,Spend20_Save10,Yes,37.62,30-44,Family,3,Declined,Infrequent Shopper,Medium
6/3/2026,58.48,7.95,Spend20_Save10,Yes,-2.05,45-59,Individual,1,Accepted,N/A,High
6/3/2026,47.11,36.45,Spend20_Save10,Yes,26.45,45-59,Individual,1,Declined,Price Concern,Medium
6/3/2026,119.77,48.34,Spend20_Save10,Yes,38.34,18-29,Business,2,Declined,Lack of Premium Knowledge,Medium
6/3/2026,42.16,35.28,Spend20_Save10,Yes,25.28,30-44,Individual,1,Declined,Language Barrier,Medium
6/3/2026,194.56,5.44,Spend20_Save10,Yes,-4.56,45-59,Family,3,Accepted,N/A,High
6/3/2026,54.98,4.09,Spend20_Save10,Yes,-5.91,18-29,Individual,1,Declined,Other,High
6/3/2026,13.79,8.53,Spend20_Save10,No,8.53,45-59,Individual,1,Not_Presented,N/A,Medium
6/3/2026,153.21,11.37,Spend20_Save10,Yes,1.37,30-44,Family,3,Declined,Other,High
6/3/2026,23.29,26.95,Spend20_Save10,Yes,16.95,30-44,Individual,1,Declined,Other,Medium
6/4/2026,56.07,49.77,Spend20_Save10,Yes,39.77,45-59,Individual,1,Declined,Language Barrier,Medium
6/4/2026,164.51,20.9,Spend20_Save10,Yes,10.9,45-59,Business,3,Accepted,N/A,High
6/4/2026,84.91,13.8,Spend20_Save10,Yes,3.8,30-44,Couple,2,Declined,Other,High
6/4/2026,42.24,47.13,Spend20_Save10,Yes,37.13,45-59,Individual,1,Declined,Not Account Owner,Low
6/4/2026,205.56,8.62,Spend20_Save10,Yes,-1.38,30-44,Business,1,Accepted,N/A,High
6/4/2026,7.52,18.35,Spend20_Save10,No,18.35,30-44,Individual,1,Not_Presented,N/A,Medium
6/4/2026,27.35,31.09,Spend20_Save10,Yes,21.09,30-44,Individual,1,Accepted,N/A,Medium
6/4/2026,69.72,34.7,Spend20_Save10,Yes,24.7,60+,Individual,1,Declined,Infrequent Shopper,Medium
6/4/2026,36.02,15.18,Spend20_Save10,Yes,5.18,60+,Individual,1,Accepted,N/A,Medium
6/5/2026,175.87,4.09,Spend20_Save10,Yes,-5.91,30-44,Business,2,Accepted,N/A,High
6/5/2026,37.39,4.68,Spend20_Save10,Yes,-5.32,30-44,Individual,1,Accepted,N/A,Medium
6/5/2026,67.03,20.64,Spend20_Save10,Yes,10.64,45-59,Family,3,Declined,Lack of Premium Knowledge,Medium
6/5/2026,78.52,6.76,Spend20_Save10,Yes,-3.24,30-44,Couple,2,Accepted,N/A,High
6/5/2026,20.97,26.15,Spend20_Save10,Yes,16.15,45-59,Individual,1,Declined,Other,Medium
6/5/2026,102.3,5.86,Spend20_Save10,Yes,-4.14,45-59,Family,4+,Accepted,N/A,High
6/5/2026,5.83,8.67,Spend20_Save10,No,8.67,30-44,Individual,1,Not_Presented,N/A,Medium
6/6/2026,41.64,13.81,Spend20_Save10,Yes,3.81,30-44,Individual,1,Declined,Not Account Owner,Medium
6/6/2026,38.2,56.67,Spend20_Save10,Yes,46.67,30-44,Individual,1,Declined,Other,Low
6/6/2026,81.75,34.12,Spend20_Save10,Yes,24.12,45-59,Family,4+,Accepted,N/A,Medium
6/6/2026,8.01,19.63,Spend20_Save10,No,19.63,18-29,Individual,1,Not_Presented,N/A,Medium
6/6/2026,33.64,6.4,Spend20_Save10,Yes,-3.6,30-44,Family,3,Declined,Infrequent Shopper,Medium
6/6/2026,92.15,14.97,Spend20_Save10,Yes,4.97,60+,Family,3,Accepted,N/A,High
6/6/2026,98.43,3.79,Spend20_Save10,Yes,-6.21,45-59,Family,4+,Accepted,N/A,High
6/6/2026,89.82,3.04,Spend20_Save10,Yes,-6.96,18-29,Family,3,Accepted,N/A,High
6/6/2026,82.31,8.47,Spend20_Save10,Yes,-1.53,60+,Couple,2,Accepted,N/A,High
6/6/2026,93.77,13.7,Spend20_Save10,Yes,3.7,30-44,Couple,2,Accepted,N/A,High
6/7/2026,32.89,23.29,Spend20_Save10,Yes,13.29,45-59,Individual,1,Declined,Infrequent Shopper,Medium
6/7/2026,69.71,9.8,Spend20_Save10,Yes,-0.2,18-29,Couple,2,Declined,Language Barrier,High
6/7/2026,71.43,11.03,Spend20_Save10,Yes,1.03,30-44,Couple,2,Declined,Doesn't Want Renewal Fee,High
6/7/2026,10.34,9.75,Spend20_Save10,No,9.75,18-29,Individual,1,Not_Presented,N/A,Medium
6/7/2026,42.46,16.87,Spend20_Save10,Yes,6.87,45-59,Individual,1,Accepted,N/A,Medium
6/7/2026,205.64,21.69,Spend20_Save10,Yes,11.69,60+,Business,1,Accepted,N/A,High
6/7/2026,325.77,3.19,Spend20_Save10,Yes,-6.81,30-44,Family,4+,Accepted,N/A,High
6/7/2026,519.9,46.93,Spend20_Save10,Yes,36.93,30-44,Family,4+,Accepted,N/A,Medium
6/8/2026,18.22,2.45,No_Promotion,N/A,2.45,30-44,Couple,2,Declined,Basket Below Promotion Threshold,Medium
6/8/2026,99.4,4.29,No_Promotion,N/A,4.29,30-44,Family,3,Declined,Basket Below Promotion Threshold,Medium
6/8/2026,99.68,14.44,No_Promotion,N/A,14.44,45-59,Couple,2,Accepted,N/A,Medium
6/8/2026,139.29,33.4,No_Promotion,N/A,33.4,45-59,Business,2,Accepted,N/A,Medium
6/9/2026,24.64,30.21,No_Promotion,N/A,30.21,45-59,Family,3,Accepted,N/A,Low
6/9/2026,270.33,16.8,No_Promotion,N/A,16.8,30-44,Business,3,Accepted,N/A,High
6/9/2026,251.74,3.16,No_Promotion,N/A,3.16,45-59,Family,3,Declined,Language Barrier,High
6/9/2026,52.88,13.4,No_Promotion,N/A,13.4,18-29,Individual,1,Declined,Price Concern,Medium
6/9/2026,23.14,31.16,No_Promotion,N/A,31.16,45-59,Couple,2,Accepted,N/A,Low
6/10/2026,93.62,24.88,No_Promotion,N/A,24.88,30-44,Family,4+,Declined,Not Account Owner,Medium
6/10/2026,26.01,57.25,No_Promotion,N/A,57.25,30-44,Individual,1,Declined,Lack of Premium Knowledge,Low
6/11/2026,39.46,26.72,No_Promotion,N/A,26.72,30-44,Couple,2,Declined,Basket Below Promotion Threshold,Low
6/11/2026,74.68,26.34,No_Promotion,N/A,26.34,18-29,Couple,2,Declined,Lack of Premium Knowledge,Medium
6/11/2026,343.8,31.64,No_Promotion,N/A,31.64,30-44,Business,1,Accepted,N/A,Medium
6/12/2026,71.3,37.36,No_Promotion,N/A,37.36,30-44,Individual,1,Accepted,N/A,Medium
6/12/2026,16.15,26.44,No_Promotion,N/A,26.44,45-59,Individual,1,Declined,Infrequent Shopper,Low
6/12/2026,171.75,34.18,No_Promotion,N/A,34.18,45-59,Family,3,Accepted,N/A,Medium
6/12/2026,76.95,7.44,No_Promotion,N/A,7.44,30-44,Couple,2,Accepted,N/A,Medium
6/12/2026,8.75,2.11,No_Promotion,N/A,2.11,18-29,Individual,1,Declined,Price Concern,Medium
6/13/2026,13.72,28.49,No_Promotion,N/A,28.49,30-44,Family,3,Accepted,N/A,Low
6/13/2026,69.38,34.07,No_Promotion,N/A,34.07,30-44,Couple,2,Declined,Basket Below Promotion Threshold,Medium
6/13/2026,161.69,29.66,No_Promotion,N/A,29.66,45-59,Business,1,Declined,Basket Below Promotion Threshold,Medium
6/13/2026,141.26,8.52,No_Promotion,N/A,8.52,30-44,Family,4+,Declined,Basket Below Promotion Threshold,High
6/13/2026,67.47,22.96,No_Promotion,N/A,22.96,45-59,Business,2,Accepted,N/A,Medium
6/14/2026,43.64,31.45,No_Promotion,N/A,31.45,18-29,Couple,2,Declined,Not Account Owner,Low
6/14/2026,81.33,35.04,No_Promotion,N/A,35.04,30-44,Family,4+,Declined,Basket Below Promotion Threshold,Medium
6/14/2026,76.92,6.81,No_Promotion,N/A,6.81,45-59,Family,4+,Accepted,N/A,Medium
6/15/2026,38.89,7.88,No_Promotion,N/A,7.88,18-29,Individual,1,Declined,Infrequent Shopper,Medium
6/15/2026,310.05,5.26,No_Promotion,N/A,5.26,60+,Business,2,Accepted,N/A,High
6/16/2026,139.93,32.23,No_Promotion,N/A,32.23,45-59,Business,1,Declined,Price Concern,Medium
6/16/2026,183.86,35.21,No_Promotion,N/A,35.21,18-29,Family,3,Accepted,N/A,Medium
6/16/2026,136.03,10.26,No_Promotion,N/A,10.26,18-29,Family,4+,Accepted,N/A,High
6/16/2026,18.97,36.45,No_Promotion,N/A,36.45,45-59,Couple,2,Declined,Language Barrier,Low
6/17/2026,55.54,10.32,No_Promotion,N/A,10.32,30-44,Couple,2,Accepted,N/A,Medium
6/17/2026,76.9,10.31,No_Promotion,N/A,10.31,45-59,Family,3,Accepted,N/A,Medium
6/18/2026,13.59,14.2,No_Promotion,N/A,14.2,18-29,Family,3,Accepted,N/A,Medium
6/18/2026,64.41,22.15,No_Promotion,N/A,22.15,18-29,Individual,1,Accepted,N/A,Medium
6/18/2026,128.31,17.06,No_Promotion,N/A,17.06,18-29,Family,3,Declined,Basket Below Promotion Threshold,High
6/18/2026,499.03,38.92,No_Promotion,N/A,38.92,60+,Business,1,Accepted,N/A,Medium
6/18/2026,252.2,49.65,No_Promotion,N/A,49.65,30-44,Business,2,Accepted,N/A,Medium
6/19/2026,176.19,33.33,No_Promotion,N/A,33.33,45-59,Family,3,Declined,Infrequent Shopper,Medium
6/19/2026,412.25,13.25,No_Promotion,N/A,13.25,60+,Family,4+,Accepted,N/A,High
6/19/2026,269.99,19.5,No_Promotion,N/A,19.5,30-44,Family,4+,Accepted,N/A,High
6/19/2026,64.77,14.27,No_Promotion,N/A,14.27,60+,Individual,1,Accepted,N/A,Medium
6/20/2026,72.62,9.94,No_Promotion,N/A,9.94,30-44,Couple,2,Declined,Basket Below Promotion Threshold,Medium
6/20/2026,78.85,18.9,No_Promotion,N/A,18.9,45-59,Couple,2,Declined,Basket Below Promotion Threshold,Medium
6/20/2026,13.89,40.12,No_Promotion,N/A,40.12,45-59,Individual,1,Declined,Infrequent Shopper,Low
6/20/2026,38.29,5.3,No_Promotion,N/A,5.3,45-59,Couple,2,Accepted,N/A,Medium
6/20/2026,13.73,30.45,No_Promotion,N/A,30.45,60+,Individual,1,Accepted,N/A,Low
6/21/2026,235.06,43.99,No_Promotion,N/A,43.99,30-44,Family,4+,Declined,Not Account Owner,Medium
6/21/2026,44.73,56.57,No_Promotion,N/A,56.57,18-29,Individual,1,Declined,Basket Below Promotion Threshold,Low
6/22/2026,39.81,38.47,No_Promotion,N/A,38.47,45-59,Couple,2,Declined,Basket Below Promotion Threshold,Low
6/22/2026,12.58,6.8,No_Promotion,N/A,6.8,45-59,Couple,2,Declined,Infrequent Shopper,Medium
6/22/2026,49.85,50.62,No_Promotion,N/A,50.62,45-59,Couple,2,Declined,Basket Below Promotion Threshold,Low
6/22/2026,158.92,10.93,No_Promotion,N/A,10.93,45-59,Family,4+,Declined,Not Account Owner,High
6/22/2026,24.52,13.08,No_Promotion,N/A,13.08,45-59,Individual,1,Declined,Basket Below Promotion Threshold,Medium
6/23/2026,60.73,29.13,No_Promotion,N/A,29.13,18-29,Individual,1,Accepted,N/A,Medium
6/23/2026,80.51,21.37,No_Promotion,N/A,21.37,18-29,Couple,2,Declined,Language Barrier,Medium
6/24/2026,29.4,16.21,No_Promotion,N/A,16.21,18-29,Individual,1,Declined,Price Concern,Medium
6/24/2026,15.61,41.18,No_Promotion,N/A,41.18,45-59,Individual,1,Declined,Price Concern,Low
6/24/2026,77.38,36.42,No_Promotion,N/A,36.42,60+,Business,3,Declined,Lack of Premium Knowledge,Medium
6/24/2026,31.31,30.75,No_Promotion,N/A,30.75,45-59,Family,4+,Declined,Basket Below Promotion Threshold,Low
6/24/2026,255.41,37.82,No_Promotion,N/A,37.82,45-59,Business,2,Accepted,N/A,Medium
6/25/2026,72.29,15.58,No_Promotion,N/A,15.58,18-29,Family,3,Declined,Lack of Premium Knowledge,Medium
6/25/2026,175.91,4.31,No_Promotion,N/A,4.31,60+,Family,3,Accepted,N/A,High
6/25/2026,177.98,16.93,No_Promotion,N/A,16.93,30-44,Family,3,Accepted,N/A,High
6/25/2026,63.8,41.8,No_Promotion,N/A,41.8,60+,Individual,1,Declined,Infrequent Shopper,Low
6/25/2026,183.48,10.59,No_Promotion,N/A,10.59,30-44,Business,1,Accepted,N/A,High
6/26/2026,87.69,25.33,No_Promotion,N/A,25.33,18-29,Family,3,Declined,Other,Medium
6/26/2026,67.32,42.51,No_Promotion,N/A,42.51,30-44,Individual,1,Declined,Lack of Premium Knowledge,Low
6/26/2026,153.44,44.25,No_Promotion,N/A,44.25,30-44,Family,3,Declined,Other,Medium
6/26/2026,57.81,22.55,No_Promotion,N/A,22.55,30-44,Family,3,Declined,Infrequent Shopper,Medium
6/27/2026,547.7,29.22,No_Promotion,N/A,29.22,45-59,Family,4+,Accepted,N/A,Medium
6/27/2026,231.96,30.21,No_Promotion,N/A,30.21,30-44,Business,1,Accepted,N/A,Medium
6/27/2026,40.45,43.68,No_Promotion,N/A,43.68,45-59,Family,3,Declined,Infrequent Shopper,Low
6/27/2026,98.51,8.43,No_Promotion,N/A,8.43,18-29,Family,3,Accepted,N/A,Medium
6/28/2026,159.51,23.11,No_Promotion,N/A,23.11,30-44,Family,3,Accepted,N/A,Medium
6/28/2026,44.46,15.69,No_Promotion,N/A,15.69,30-44,Individual,1,Declined,Infrequent Shopper,Medium
6/28/2026,117.44,8.1,No_Promotion,N/A,8.1,18-29,Couple,2,Declined,Other,High
6/29/2026,181.22,44.07,No_Promotion,N/A,44.07,60+,Family,3,Declined,Basket Below Promotion Threshold,Medium
6/29/2026,89.99,31.54,No_Promotion,N/A,31.54,18-29,Individual,1,Declined,Language Barrier,Medium
6/29/2026,63.58,38.54,No_Promotion,N/A,38.54,30-44,Business,1,Accepted,N/A,Medium
6/29/2026,113.78,7.81,No_Promotion,N/A,7.81,30-44,Family,4+,Accepted,N/A,High
6/29/2026,75.8,2.98,No_Promotion,N/A,2.98,45-59,Couple,2,Declined,Lack of Premium Knowledge,Medium
6/30/2026,57.51,41.4,No_Promotion,N/A,41.4,30-44,Couple,2,Declined,Not Account Owner,Low
6/30/2026,192,34.37,No_Promotion,N/A,34.37,18-29,Business,2,Accepted,N/A,Medium
6/30/2026,26.14,22.23,No_Promotion,N/A,22.23,45-59,Individual,1,Declined,Infrequent Shopper,Low
